,Channel Title,Channel Username,ID,Message,Date,Media Path
0,Zemen Express®,https://t.me/ZemenExpress,5352,ባለብዙጥቅም የመስታወት ጎድጓዳ ሳህኖች ከ ብርጭቆ የተሰራ ለቤተዎ ተጨማሪ ውበትን የሚሰጥ ለሳላድ እንዲሁም ለዎጥ ማቅረቢያ ተመራጭ ዋጋ፦ 450 ብር ውስን ፍሬ ነው ያለው አድራሻ ቁ1መገናኛ መሰረት ደፋር ሞል ሁለተኛ ፎቅ ቢሮ ቁ 0506 ቁ2ፒያሳ ጊዮርጊስ አደባባይ ራመትታቦርኦዳህንፃ 1ኛ ፎቅ ሱቅ ቁ 1 107 0902660722 0928460606 ፒያሳ ቅርንጫፍ 0941337070 በ ለማዘዝ ይጠቀሙ ለተጨማሪ ማብራሪያ የቴሌግራም ገፃችን,2024-09-30T09:20:55+00:00,photos\httpstmeZemenExpress_5352jpg
1,Zemen Express®,https://t.me/ZemenExpress,5351,ባለብዙጥቅም የመስታወት ጎድጓዳ ሳህኖች ከ ብርጭቆ የተሰራ ለቤተዎ ተጨማሪ ውበትን የሚሰጥ ለሳላድ እንዲሁም ለዎጥ ማቅረቢያ ተመራጭ ዋጋ፦ 450 ብር ውስን ፍሬ ነው ያለው አድራሻ ቁ1መገናኛ መሰረት ደፋር ሞል ሁለተኛ ፎቅ ቢሮ ቁ 0506 ቁ2ፒያሳ ጊዮርጊስ አደባባይ ራመትታቦርኦዳህንፃ 1ኛ ፎቅ ሱቅ ቁ 1 107 0902660722 0928460606 ፒያሳ ቅርንጫፍ 0941337070 በ ለማዘዝ ይጠቀሙ ለተጨማሪ ማብራሪያ የቴሌግራም ገፃችን,2024-09-30T09:20:47+00:00,photos\httpstmeZemenExpress_5351jpg
6,Zemen Express®,https://t.me/ZemenExpress,5346,ባለብዙጥቅም የመስታወት ጎድጓዳ ሳህኖች ከ ብርጭቆ የተሰራ ለቤተዎ ተጨማሪ ውበትን የሚሰጥ ለሳላድ እንዲሁም ለዎጥ ማቅረቢያ ተመራጭ ዋጋ፦ 450 ብር ውስን ፍሬ ነው ያለው አድራሻ ቁ1መገናኛ መሰረት ደፋር ሞል ሁለተኛ ፎቅ ቢሮ ቁ 0506 ቁ2ፒያሳ ጊዮርጊስ አደባባይ ራመትታቦርኦዳህንፃ 1ኛ ፎቅ ሱቅ ቁ 1 107 0902660722 0928460606 ፒያሳ ቅርንጫፍ 0941337070 በ ለማዘዝ ይጠቀሙ ለተጨማሪ ማብራሪያ የቴሌግራም ገፃችን,2024-09-30T09:20:43+00:00,photos\httpstmeZemenExpress_5346jpg
11,Zemen Express®,https://t.me/ZemenExpress,5341,ከ 80 እስከ 220 ሙቀት ያለው 360 የሚሽከረከር ለሁሉም የፀጉር አይነት የሚስማማ ዋጋ፦ 1600 ብር ውስን ፍሬ ነው ያለው አድራሻ ቁ1መገናኛ መሰረት ደፋር ሞል ሁለተኛ ፎቅ ቢሮ ቁ 0506 ቁ2ፒያሳ ጊዮርጊስ አደባባይ ራመትታቦርኦዳህንፃ 1ኛ ፎቅ ሱቅ ቁ 1 107 0902660722 0928460606 ፒያሳ ቅርንጫፍ 0941337070 በ ለማዘዝ ይጠቀሙ ለተጨማሪ ማብራሪያ የቴሌግራም ገፃችን,2024-09-29T08:17:03+00:00,photos\httpstmeZemenExpress_5341jpg
12,Zemen Express®,https://t.me/ZemenExpress,5340,በረፍት ቀንዎ ሱቅ ላይ መስተናገድ ለምትፈልጉ ውድ ደንበኞቻችን ነገ ከጠዋቱ 430 ቀኑ 1100 ድረስ ሱቃችን ክፍት ሁኖ ይጠብቅዎታል ሱቅ መተው መግዛት ላልቻላችሁ በሞተረኞች ያሉበት እናደርሳለን ዘወትር ሰኞ ቅዳሜ ከጠዋቱ 230 እስከ ምሽቱ 200 ድረስ ክፍት መሆኑን እንገልፃለን አድራሻ ቁ1መገናኛ መሰረት ደፋር ሞል ሁለተኛ ፎቅ ቢሮ ቁ 0506 ቁ2ፒያሳ ጊዮርጊስ አደባባይ ራመትታቦርኦዳህንፃ 1ኛ ፎቅ ሱቅ ቁ 1 107 0902660722 0928460606 ፒያሳ ቅርንጫፍ 0941337070 በ ለማዘዝ ይጠቀሙ ለተጨማሪ ማብራሪያ የቴሌግራም ገፃችን,2024-09-28T16:44:37+00:00,photos\httpstmeZemenExpress_5340jpg
15,Zemen Express®,https://t.me/ZemenExpress,5337,የህፃናት መመገቢያ ጡጦ ዋጋ፦ 400 ብር ውስን ፍሬ ነው ያለው አድራሻ ቁ1መገናኛ መሰረት ደፋር ሞል ሁለተኛ ፎቅ ቢሮ ቁ 0506 ቁ2ፒያሳ ጊዮርጊስ አደባባይ ራመትታቦርኦዳህንፃ 1ኛ ፎቅ ሱቅ ቁ 1 107 0902660722 0928460606 ፒያሳ ቅርንጫፍ 0941337070 በ ለማዘዝ ይጠቀሙ ለተጨማሪ ማብራሪያ የቴሌግራም ገፃችን,2024-09-28T04:23:36+00:00,photos\httpstmeZemenExpress_5337jpg
16,Zemen Express®,https://t.me/ZemenExpress,5336,የህፃናት መመገቢያ ጡጦ ዋጋ፦ 400 ብር ውስን ፍሬ ነው ያለው አድራሻ ቁ1መገናኛ መሰረት ደፋር ሞል ሁለተኛ ፎቅ ቢሮ ቁ 0506 ቁ2ፒያሳ ጊዮርጊስ አደባባይ ራመትታቦርኦዳህንፃ 1ኛ ፎቅ ሱቅ ቁ 1 107 0902660722 0928460606 ፒያሳ ቅርንጫፍ 0941337070 በ ለማዘዝ ይጠቀሙ ለተጨማሪ ማብራሪያ የቴሌግራም ገፃችን,2024-09-28T04:22:42+00:00,photos\httpstmeZemenExpress_5336bin
17,Zemen Express®,https://t.me/ZemenExpress,5335,ለመላው የክርስትና እምነት ተከታዮች በሙሉ እንኳን ለብርሃነ መስቀሉ በሰላም አደረሳችሁአደረሰን በዓሉ የሰላም፣ የጤና፣ የፍቅር ፣ የደስታ እና የመተሳሰብ በዓል ይሁንልን። መልካም የመስቀል በዓል,2024-09-27T07:09:36+00:00,photos\httpstmeZemenExpress_5335jpg
18,Zemen Express®,https://t.me/ZemenExpress,5334,የሞተ ቆዳን እንዲሁም ቆሻሻን ለማፅዳት ተመራጭ ዋጋ፦ 200 ብር ውስን ፍሬ ነው ያለው አድራሻ ቁ1መገናኛ መሰረት ደፋር ሞል ሁለተኛ ፎቅ ቢሮ ቁ 0506 ቁ2ፒያሳ ጊዮርጊስ አደባባይ ራመትታቦርኦዳህንፃ 1ኛ ፎቅ ሱቅ ቁ 1 107 0902660722 0928460606 ፒያሳ ቅርንጫፍ 0941337070 በ ለማዘዝ ይጠቀሙ ለተጨማሪ ማብራሪያ የቴሌግራም ገፃችን,2024-09-26T10:04:28+00:00,photos\httpstmeZemenExpress_5334bin
19,Zemen Express®,https://t.me/ZemenExpress,5333,የሞተ ቆዳን እንዲሁም ቆሻሻን ለማፅዳት ተመራጭ ዋጋ፦ 200 ብር ውስን ፍሬ ነው ያለው አድራሻ ቁ1መገናኛ መሰረት ደፋር ሞል ሁለተኛ ፎቅ ቢሮ ቁ 0506 ቁ2ፒያሳ ጊዮርጊስ አደባባይ ራመትታቦርኦዳህንፃ 1ኛ ፎቅ ሱቅ ቁ 1 107 0902660722 0928460606 ፒያሳ ቅርንጫፍ 0941337070 በ ለማዘዝ ይጠቀሙ ለተጨማሪ ማብራሪያ የቴሌግራም ገፃችን,2024-09-26T10:04:14+00:00,photos\httpstmeZemenExpress_5333bin
20,Zemen Express®,https://t.me/ZemenExpress,5332,ከብረት የተሰራ ጫማ እና የተለያዩ ዕቃወች ማስቀመጫ ለመገጣጠም ቀላል ባለ ስድስት መደርደሪያ ያለው 5526114 ዋጋ፦ 2250 ብር አድራሻ ቁ1መገናኛ መሰረት ደፋር ሞል ሁለተኛ ፎቅ ቢሮ ቁ 0506 ቁ2ፒያሳ ጊዮርጊስ አደባባይ ራመትታቦርኦዳህንፃ 1ኛ ፎቅ ሱቅ ቁ 1 107 0902660722 0928460606 ፒያሳ ቅርንጫፍ 0941337070 በ ለማዘዝ ይጠቀሙ ለተጨማሪ ማብራሪያ የቴሌግራም ገፃችን,2024-09-26T07:19:17+00:00,photos\httpstmeZemenExpress_5332jpg
21,Zemen Express®,https://t.me/ZemenExpress,5330,ዘመናዊ የልብስ ማስቀመጫ ቁምሳጥን በቀላሉ የሚገጣጠም የሚነቃቀል ከቦታ ወደ ቦታ ለማንቀሳቀስ የሚመች ቀላል ክብደት ያለው ባለ ዚፕ የሸራ ልብስ ያለው ፍሬሞቹ የብረት ቱቦዎች የሆኑ መገጣጠሚያዎቹ ጠንካራ ካርቦኔትድ ፕላስቲኮች የሆኑ ለቤትዎ ውበት የሚሠጥ ቦታ የማይዝ ሲሆን ቁመት 175 ሳሜ የጎን ስፋት 130 ሳሜ ወርድ 45 ሳሜ ዋጋ፦ 3500 ብር ውስን ፍሬ ነው ያለው አድራሻ ቁ1መገናኛ መሰረት ደፋር ሞል ሁለተኛ ፎቅ ቢሮ ቁ 0506 ቁ2ፒያሳ ጊዮርጊስ አደባባይ ራመትታቦርኦዳህንፃ 1ኛ ፎቅ ሱቅ ቁ 1 107 0902660722 0928460606 ፒያሳ ቅርንጫፍ 0941337070 በ ለማዘዝ ይጠቀሙ ለተጨማሪ ማብራሪያ የቴሌግራም ገፃችን,2024-09-25T18:40:01+00:00,photos\httpstmeZemenExpress_5330jpg
26,Zemen Express®,https://t.me/ZemenExpress,5324,ዋጋ፦ 150 ብር ውስን ፍሬ ነው ያለው አድራሻ ቁ1መገናኛ መሰረት ደፋር ሞል ሁለተኛ ፎቅ ቢሮ ቁ 0506 ቁ2ፒያሳ ጊዮርጊስ አደባባይ ራመትታቦርኦዳህንፃ 1ኛ ፎቅ ሱቅ ቁ 1 107 0902660722 0928460606 ፒያሳ ቅርንጫፍ 0941337070 በ ለማዘዝ ይጠቀሙ ለተጨማሪ ማብራሪያ የቴሌግራም ገፃችን,2024-09-25T07:51:19+00:00,photos\httpstmeZemenExpress_5324jpg
32,Zemen Express®,https://t.me/ZemenExpress,5318,ከፍተኛ ጥራት እስከ 30 እንቁላል መያዝ የሚችል ፍሪጅዎን በስርአት ለመጠቀም ተመራጭ ለመኖሪያ ቤት እንዲሁም ለሬስቶራንት የሚሆን 24 3 ዋጋ፦ 1100 ብር ውስን ፍሬ ነው ያለው አድራሻ ቁ1መገናኛ መሰረት ደፋር ሞል ሁለተኛ ፎቅ ቢሮ ቁ 0506 ቁ2ፒያሳ ጊዮርጊስ አደባባይ ራመትታቦርኦዳህንፃ 1ኛ ፎቅ ሱቅ ቁ 1 107 0902660722 0928460606 ፒያሳ ቅርንጫፍ 0941337070 በ ለማዘዝ ይጠቀሙ ለተጨማሪ ማብራሪያ የቴሌግራም ገፃችን,2024-09-25T06:43:51+00:00,photos\httpstmeZemenExpress_5318jpg
33,Zemen Express®,https://t.me/ZemenExpress,5317,ከፍተኛ ጥራት እስከ 30 እንቁላል መያዝ የሚችል ፍሪጅዎን በስርአት ለመጠቀም ተመራጭ ለመኖሪያ ቤት እንዲሁም ለሬስቶራንት የሚሆን 24 3 ዋጋ፦ 1100 ብር ውስን ፍሬ ነው ያለው አድራሻ ቁ1መገናኛ መሰረት ደፋር ሞል ሁለተኛ ፎቅ ቢሮ ቁ 0506 ቁ2ፒያሳ ጊዮርጊስ አደባባይ ራመትታቦርኦዳህንፃ 1ኛ ፎቅ ሱቅ ቁ 1 107 0902660722 0928460606 ፒያሳ ቅርንጫፍ 0941337070 በ ለማዘዝ ይጠቀሙ ለተጨማሪ ማብራሪያ የቴሌግራም ገፃችን,2024-09-25T06:43:04+00:00,photos\httpstmeZemenExpress_5317bin
34,Zemen Express®,https://t.me/ZemenExpress,5316,የቦርጭ ስብን ለማቅለጥ እና ፓክ ለማውጣት የሚመረጥ በቀላሉ የሆድ፣ የመቀመጫ፣ የጀርባ ጡንቻዎትን ለማሳሳብና ለማጠንከር ይረዳዎታል የራሱ መቁጠሪያ ሰዓት የተካተተለት በቀላሉ የተሸናቀጠ ተክለሰውነትን ይላበሱ ዋጋ፦ 2600 ብር ውስን ፍሬ ነው ያለው አድራሻ ቁ1መገናኛ መሰረት ደፋር ሞል ሁለተኛ ፎቅ ቢሮ ቁ 0506 ቁ2ፒያሳ ጊዮርጊስ አደባባይ ራመትታቦርኦዳህንፃ 1ኛ ፎቅ ሱቅ ቁ 1 107 0902660722 0928460606 ፒያሳ ቅርንጫፍ 0941337070 በ ለማዘዝ ይጠቀሙ ለተጨማሪ ማብራሪያ የቴሌግራም ገፃችን,2024-09-24T14:41:13+00:00,photos\httpstmeZemenExpress_5316bin
35,Zemen Express®,https://t.me/ZemenExpress,5315,የቦርጭ ስብን ለማቅለጥ እና ፓክ ለማውጣት የሚመረጥ በቀላሉ የሆድ፣ የመቀመጫ፣ የጀርባ ጡንቻዎትን ለማሳሳብና ለማጠንከር ይረዳዎታል የራሱ መቁጠሪያ ሰዓት የተካተተለት በቀላሉ የተሸናቀጠ ተክለሰውነትን ይላበሱ ዋጋ፦ 2600 ብር ውስን ፍሬ ነው ያለው አድራሻ ቁ1መገናኛ መሰረት ደፋር ሞል ሁለተኛ ፎቅ ቢሮ ቁ 0506 ቁ2ፒያሳ ጊዮርጊስ አደባባይ ራመትታቦርኦዳህንፃ 1ኛ ፎቅ ሱቅ ቁ 1 107 0902660722 0928460606 ፒያሳ ቅርንጫፍ 0941337070 በ ለማዘዝ ይጠቀሙ ለተጨማሪ ማብራሪያ የቴሌግራም ገፃችን,2024-09-24T14:40:41+00:00,photos\httpstmeZemenExpress_5315bin
39,Zemen Express®,https://t.me/ZemenExpress,5311,ከሶኬት በተጨማሪ በባትሪ የሚሰራ የራሱ ማስደገፊያ ያለው ተንቀሳቃሽ 3 የብርሀን ደረጃወች ያሉት ዋጋ፦ 650 ብር ውስን ፍሬ ነው ያለው አድራሻ ቁ1መገናኛ መሰረት ደፋር ሞል ሁለተኛ ፎቅ ቢሮ ቁ 0506 ቁ2ፒያሳ ጊዮርጊስ አደባባይ ራመትታቦርኦዳህንፃ 1ኛ ፎቅ ሱቅ ቁ 1 107 0902660722 0928460606 ፒያሳ ቅርንጫፍ 0941337070 በ ለማዘዝ ይጠቀሙ ለተጨማሪ ማብራሪያ የቴሌግራም ገፃችን,2024-09-24T07:02:21+00:00,photos\httpstmeZemenExpress_5311jpg
40,Zemen Express®,https://t.me/ZemenExpress,5310,መኪና ለማጠብ ግቢ ለማፅዳት ተመራጭ የራሱ መለዋወጫ ያለው ዋጋ፦ 800 ብር ውስን ፍሬ ነው ያለው አድራሻ ቁ1መገናኛ መሰረት ደፋር ሞል ሁለተኛ ፎቅ ቢሮ ቁ 0506 ቁ2ፒያሳ ጊዮርጊስ አደባባይ ራመትታቦርኦዳህንፃ 1ኛ ፎቅ ሱቅ ቁ 1 107 0902660722 0928460606 ፒያሳ ቅርንጫፍ 0941337070 በ ለማዘዝ ይጠቀሙ ለተጨማሪ ማብራሪያ የቴሌግራም ገፃችን,2024-09-23T15:07:19+00:00,photos\httpstmeZemenExpress_5310jpg
41,Zemen Express®,https://t.me/ZemenExpress,5309,መኪና ለማጠብ ግቢ ለማፅዳት ተመራጭ የራሱ መለዋወጫ ያለው ዋጋ፦ 800 ብር ውስን ፍሬ ነው ያለው አድራሻ ቁ1መገናኛ መሰረት ደፋር ሞል ሁለተኛ ፎቅ ቢሮ ቁ 0506 ቁ2ፒያሳ ጊዮርጊስ አደባባይ ራመትታቦርኦዳህንፃ 1ኛ ፎቅ ሱቅ ቁ 1 107 0902660722 0928460606 ፒያሳ ቅርንጫፍ 0941337070 በ ለማዘዝ ይጠቀሙ ለተጨማሪ ማብራሪያ የቴሌግራም ገፃችን,2024-09-23T15:07:05+00:00,photos\httpstmeZemenExpress_5309jpg
42,Zemen Express®,https://t.me/ZemenExpress,5308,መኪና ለማጠብ ግቢ ለማፅዳት ተመራጭ የራሱ መለዋወጫ ያለው ዋጋ፦ 800 ብር ውስን ፍሬ ነው ያለው አድራሻ ቁ1መገናኛ መሰረት ደፋር ሞል ሁለተኛ ፎቅ ቢሮ ቁ 0506 ቁ2ፒያሳ ጊዮርጊስ አደባባይ ራመትታቦርኦዳህንፃ 1ኛ ፎቅ ሱቅ ቁ 1 107 0902660722 0928460606 ፒያሳ ቅርንጫፍ 0941337070 በ ለማዘዝ ይጠቀሙ ለተጨማሪ ማብራሪያ የቴሌግራም ገፃችን,2024-09-23T15:06:56+00:00,photos\httpstmeZemenExpress_5308bin
43,Zemen Express®,https://t.me/ZemenExpress,5307,ከ 1 14 እንቁላል መቀቀል የሚያስችል በኤሌክትሪክ የሚሰራ ለአጠቃም ቀላል እና ፈጣን ዋጋ፦ ትንሹ 1000 ብር ትልቁ 1200 ብር ውስን ፍሬ ነው ያለው ቁ1መገናኛ መሰረት ደፋር ሞል ሁለተኛ ፎቅ ቢሮ ቁ 0506 ቁ2ፒያሳ ጊዮርጊስ አደባባይ ራመትታቦርኦዳህንፃ 1ኛ ፎቅ ሱቅ ቁ 1 107 0902660722 0928460606 ፒያሳ ቅርንጫፍ 0941337070 በ ለማዘዝ ይጠቀሙ ለተጨማሪ ማብራሪያ የቴሌግራም ገፃችን,2024-09-23T13:00:10+00:00,photos\httpstmeZemenExpress_5307jpg
44,Zemen Express®,https://t.me/ZemenExpress,5306,ምንም አይነት ድምፅ የሌለው ሁሉንም አይነት ጸጉር ያለ ልፋት በሙቀት የሚያስውብ ለተለያዩ የጸጉር አይነቶች ከፍ እና ዝቅ የሚል የሙቀት መቆጣጠሪያ ያለው ጸጉር ሳይሰባበር በጤናማ ሁኔታ ውብ የሚያደርግልዎ ዋጋ፦ 1200ብር ውስን ፍሬ ነው ያለው ቁ1መገናኛ መሰረት ደፋር ሞል ሁለተኛ ፎቅ ቢሮ ቁ 0506 ቁ2ፒያሳ ጊዮርጊስ አደባባይ ራመትታቦርኦዳህንፃ 1ኛ ፎቅ ሱቅ ቁ 1 107 0902660722 0928460606 ፒያሳ ቅርንጫፍ 0941337070 በ ለማዘዝ ይጠቀሙ ለተጨማሪ ማብራሪያ የቴሌግራም ገፃችን,2024-09-23T06:04:10+00:00,photos\httpstmeZemenExpress_5306jpg
45,Zemen Express®,https://t.me/ZemenExpress,5305,ምንም አይነት ድምፅ የሌለው ሁሉንም አይነት ጸጉር ያለ ልፋት በሙቀት የሚያስውብ ለተለያዩ የጸጉር አይነቶች ከፍ እና ዝቅ የሚል የሙቀት መቆጣጠሪያ ያለው ጸጉር ሳይሰባበር በጤናማ ሁኔታ ውብ የሚያደርግልዎ ዋጋ፦ 1200ብር ውስን ፍሬ ነው ያለው ቁ1መገናኛ መሰረት ደፋር ሞል ሁለተኛ ፎቅ ቢሮ ቁ 0506 ቁ2ፒያሳ ጊዮርጊስ አደባባይ ራመትታቦርኦዳህንፃ 1ኛ ፎቅ ሱቅ ቁ 1 107 0902660722 0928460606 ፒያሳ ቅርንጫፍ 0941337070 በ ለማዘዝ ይጠቀሙ ለተጨማሪ ማብራሪያ የቴሌግራም ገፃችን,2024-09-23T06:00:51+00:00,photos\httpstmeZemenExpress_5305bin
46,Zemen Express®,https://t.me/ZemenExpress,5304,ምንም አይነት ድምፅ የሌለው ሁሉንም አይነት ጸጉር ያለ ልፋት በሙቀት የሚያስውብ ለተለያዩ የጸጉር አይነቶች ከፍ እና ዝቅ የሚል የሙቀት መቆጣጠሪያ ያለው ጸጉር ሳይሰባበር በጤናማ ሁኔታ ውብ የሚያደርግልዎ ዋጋ፦ 1200ብር ውስን ፍሬ ነው ያለው ቁ1መገናኛ መሰረት ደፋር ሞል ሁለተኛ ፎቅ ቢሮ ቁ 0506 ቁ2ፒያሳ ጊዮርጊስ አደባባይ ራመትታቦርኦዳህንፃ 1ኛ ፎቅ ሱቅ ቁ 1 107 0902660722 0928460606 ፒያሳ ቅርንጫፍ 0941337070 በ ለማዘዝ ይጠቀሙ ለተጨማሪ ማብራሪያ የቴሌግራም ገፃችን,2024-09-23T05:48:39+00:00,photos\httpstmeZemenExpress_5304bin
47,Zemen Express®,https://t.me/ZemenExpress,5303,ለልጅዎ 85 ልጆች እየተዝናኑ የሚማሩበት ለፅሁፍ እና ለስዕል መለማመጃ የሚሆን የወረቀት እና እርሳስ ወጪን የሚቆጥብ ብናኝ ወይም አይን የሚወጋ ብርሀን ስለሌለው በምቾት እና በደህንነት ለረጅም ሰአት የሚጠቀሙበት ለቢሮ እና ለምግብ ቤት ለተለያዬ አገልግሎቶች መጠቀም ይችላሉ ምስሉ የፈለጉትን ያህል መቆየት የሚችል ሲሆን አንድ ቁልፍ ብቻ በመጫን መቆለፍም ሆነ መሰረዝ ያስችላል ታብሌቱ ቀጭን ስለሆነ በእጅ ቦርሳ ለመያዝ አመቺ ነው። ዋጋ፦ 500 ብር ውስን ፍሬ ነው ያለው አድራሻ ቁ1መገናኛ መሰረት ደፋር ሞል ሁለተኛ ፎቅ ቢሮ ቁ 0506 ቁ2ፒያሳ ጊዮርጊስ አደባባይ ራመትታቦርኦዳህንፃ 1ኛ ፎቅ ሱቅ ቁ 1 107 0902660722 0928460606 ፒያሳ ቅርንጫፍ 0941337070 በ ለማዘዝ ይጠቀሙ ለተጨማሪ ማብራሪያ የቴሌግራም ገፃችን,2024-09-22T08:15:17+00:00,photos\httpstmeZemenExpress_5303jpg
48,Zemen Express®,https://t.me/ZemenExpress,5302,ለልጅዎ 85 ልጆች እየተዝናኑ የሚማሩበት ለፅሁፍ እና ለስዕል መለማመጃ የሚሆን የወረቀት እና እርሳስ ወጪን የሚቆጥብ ብናኝ ወይም አይን የሚወጋ ብርሀን ስለሌለው በምቾት እና በደህንነት ለረጅም ሰአት የሚጠቀሙበት ለቢሮ እና ለምግብ ቤት ለተለያዬ አገልግሎቶች መጠቀም ይችላሉ ምስሉ የፈለጉትን ያህል መቆየት የሚችል ሲሆን አንድ ቁልፍ ብቻ በመጫን መቆለፍም ሆነ መሰረዝ ያስችላል ታብሌቱ ቀጭን ስለሆነ በእጅ ቦርሳ ለመያዝ አመቺ ነው። ዋጋ፦ 500 ብር ውስን ፍሬ ነው ያለው አድራሻ ቁ1መገናኛ መሰረት ደፋር ሞል ሁለተኛ ፎቅ ቢሮ ቁ 0506 ቁ2ፒያሳ ጊዮርጊስ አደባባይ ራመትታቦርኦዳህንፃ 1ኛ ፎቅ ሱቅ ቁ 1 107 0902660722 0928460606 ፒያሳ ቅርንጫፍ 0941337070 በ ለማዘዝ ይጠቀሙ ለተጨማሪ ማብራሪያ የቴሌግራም ገፃችን,2024-09-22T08:14:47+00:00,photos\httpstmeZemenExpress_5302bin
49,Zemen Express®,https://t.me/ZemenExpress,5301,ለልጅዎ 85 ልጆች እየተዝናኑ የሚማሩበት ለፅሁፍ እና ለስዕል መለማመጃ የሚሆን የወረቀት እና እርሳስ ወጪን የሚቆጥብ ብናኝ ወይም አይን የሚወጋ ብርሀን ስለሌለው በምቾት እና በደህንነት ለረጅም ሰአት የሚጠቀሙበት ለቢሮ እና ለምግብ ቤት ለተለያዬ አገልግሎቶች መጠቀም ይችላሉ ምስሉ የፈለጉትን ያህል መቆየት የሚችል ሲሆን አንድ ቁልፍ ብቻ በመጫን መቆለፍም ሆነ መሰረዝ ያስችላል ታብሌቱ ቀጭን ስለሆነ በእጅ ቦርሳ ለመያዝ አመቺ ነው። ዋጋ፦ 500 ብር ውስን ፍሬ ነው ያለው አድራሻ ቁ1መገናኛ መሰረት ደፋር ሞል ሁለተኛ ፎቅ ቢሮ ቁ 0506 ቁ2ፒያሳ ጊዮርጊስ አደባባይ ራመትታቦርኦዳህንፃ 1ኛ ፎቅ ሱቅ ቁ 1 107 0902660722 0928460606 ፒያሳ ቅርንጫፍ 0941337070 በ ለማዘዝ ይጠቀሙ ለተጨማሪ ማብራሪያ የቴሌግራም ገፃችን,2024-09-22T08:13:55+00:00,photos\httpstmeZemenExpress_5301bin
50,Zemen Express®,https://t.me/ZemenExpress,5300,በረፍት ቀንዎ ሱቅ ላይ መስተናገድ ለምትፈልጉ ውድ ደንበኞቻችን ነገ ከጠዋቱ 430 ቀኑ 1100 ድረስ ሱቃችን ክፍት ሁኖ ይጠብቅዎታል ሱቅ መተው መግዛት ላልቻላችሁ በሞተረኞች ያሉበት እናደርሳለን ዘወትር ሰኞ ቅዳሜ ከጠዋቱ 230 እስከ ምሽቱ 200 ድረስ ክፍት መሆኑን እንገልፃለን አድራሻ ቁ1መገናኛ መሰረት ደፋር ሞል ሁለተኛ ፎቅ ቢሮ ቁ 0506 ቁ2ፒያሳ ጊዮርጊስ አደባባይ ራመትታቦርኦዳህንፃ 1ኛ ፎቅ ሱቅ ቁ 1 107 0902660722 0928460606 ፒያሳ ቅርንጫፍ 0941337070 በ ለማዘዝ ይጠቀሙ ለተጨማሪ ማብራሪያ የቴሌግራም ገፃችን,2024-09-21T15:11:23+00:00,photos\httpstmeZemenExpress_5300jpg
56,Zemen Express®,https://t.me/ZemenExpress,5294,ዋጋ፦ 250 ብር ውስን ፍሬ ነው ያለው አድራሻ ቁ1መገናኛ መሰረት ደፋር ሞል ሁለተኛ ፎቅ ቢሮ ቁ 0506 ቁ2ፒያሳ ጊዮርጊስ አደባባይ ራመትታቦርኦዳህንፃ 1ኛ ፎቅ ሱቅ ቁ 1 107 0902660722 0928460606 ፒያሳ ቅርንጫፍ 0941337070 በ ለማዘዝ ይጠቀሙ ለተጨማሪ ማብራሪያ የቴሌግራም ገፃችን,2024-09-21T10:19:30+00:00,photos\httpstmeZemenExpress_5294jpg
57,Zemen Express®,https://t.me/ZemenExpress,5293,ዋጋ፦ 250 ብር ውስን ፍሬ ነው ያለው አድራሻ ቁ1መገናኛ መሰረት ደፋር ሞል ሁለተኛ ፎቅ ቢሮ ቁ 0506 ቁ2ፒያሳ ጊዮርጊስ አደባባይ ራመትታቦርኦዳህንፃ 1ኛ ፎቅ ሱቅ ቁ 1 107 0902660722 0928460606 ፒያሳ ቅርንጫፍ 0941337070 በ ለማዘዝ ይጠቀሙ ለተጨማሪ ማብራሪያ የቴሌግራም ገፃችን,2024-09-21T10:19:01+00:00,photos\httpstmeZemenExpress_5293bin
61,Zemen Express®,https://t.me/ZemenExpress,5289,የጣት ጥፍር መከላከያ ሽንኩርት ሲልጡ ፣ ዝንጅብል እና በርበሬ ዘለላ ሲቀነጥሱ ጥፍርን ከጉዳት የሚከላከል ዋጋ፦ 250 ብር ውስን ፍሬ ነው ያለው አድራሻ ቁ1መገናኛ መሰረት ደፋር ሞል ሁለተኛ ፎቅ ቢሮ ቁ 0506 ቁ2ፒያሳ ጊዮርጊስ አደባባይ ራመትታቦርኦዳህንፃ 1ኛ ፎቅ ሱቅ ቁ 1 107 0902660722 0928460606 ፒያሳ ቅርንጫፍ 0941337070 በ ለማዘዝ ይጠቀሙ ለተጨማሪ ማብራሪያ የቴሌግራም ገፃችን,2024-09-21T04:50:08+00:00,photos\httpstmeZemenExpress_5289jpg
62,Zemen Express®,https://t.me/ZemenExpress,5288,የጣት ጥፍር መከላከያ ሽንኩርት ሲልጡ ፣ ዝንጅብል እና በርበሬ ዘለላ ሲቀነጥሱ ጥፍርን ከጉዳት የሚከላከል ዋጋ፦ 250 ብር ውስን ፍሬ ነው ያለው አድራሻ ቁ1መገናኛ መሰረት ደፋር ሞል ሁለተኛ ፎቅ ቢሮ ቁ 0506 ቁ2ፒያሳ ጊዮርጊስ አደባባይ ራመትታቦርኦዳህንፃ 1ኛ ፎቅ ሱቅ ቁ 1 107 0902660722 0928460606 ፒያሳ ቅርንጫፍ 0941337070 በ ለማዘዝ ይጠቀሙ ለተጨማሪ ማብራሪያ የቴሌግራም ገፃችን,2024-09-21T04:46:45+00:00,photos\httpstmeZemenExpress_5288bin
67,Zemen Express®,https://t.me/ZemenExpress,5283,100 ዋጋ፦ 250 ብር ውስን ፍሬ ነው ያለው አድራሻ ቁ1መገናኛ መሰረት ደፋር ሞል ሁለተኛ ፎቅ ቢሮ ቁ 0506 ቁ2ፒያሳ ጊዮርጊስ አደባባይ ራመትታቦርኦዳህንፃ 1ኛ ፎቅ ሱቅ ቁ 1 107 0902660722 0928460606 ፒያሳ ቅርንጫፍ 0941337070 በ ለማዘዝ ይጠቀሙ ለተጨማሪ ማብራሪያ የቴሌግራም ገፃችን,2024-09-20T19:03:13+00:00,photos\httpstmeZemenExpress_5283jpg
68,Zemen Express®,https://t.me/ZemenExpress,5282,100 ዋጋ፦ 250 ብር ውስን ፍሬ ነው ያለው አድራሻ ቁ1መገናኛ መሰረት ደፋር ሞል ሁለተኛ ፎቅ ቢሮ ቁ 0506 ቁ2ፒያሳ ጊዮርጊስ አደባባይ ራመትታቦርኦዳህንፃ 1ኛ ፎቅ ሱቅ ቁ 1 107 0902660722 0928460606 ፒያሳ ቅርንጫፍ 0941337070 በ ለማዘዝ ይጠቀሙ ለተጨማሪ ማብራሪያ የቴሌግራም ገፃችን,2024-09-20T18:52:24+00:00,photos\httpstmeZemenExpress_5282bin
69,Zemen Express®,https://t.me/ZemenExpress,5281,በኤሌክትሪክ የሚሰራ ለቤት መልካም መዓዛን የሚሰጥ 200 ዋጋ፦ 1400 ብር ውስን ፍሬ ነው ያለው ቁ1መገናኛ መሰረት ደፋር ሞል ሁለተኛ ፎቅ ቢሮ ቁ 0506 ቁ2ፒያሳ ጊዮርጊስ አደባባይ ራመትታቦርኦዳህንፃ 1ኛ ፎቅ ሱቅ ቁ 1 107 0902660722 0928460606 ፒያሳ ቅርንጫፍ 0941337070 በ ለማዘዝ ይጠቀሙ ለተጨማሪ ማብራሪያ የቴሌግራም ገፃችን,2024-09-20T16:42:09+00:00,photos\httpstmeZemenExpress_5281jpg
70,Zemen Express®,https://t.me/ZemenExpress,5280,በኤሌክትሪክ የሚሰራ ለቤት መልካም መዓዛን የሚሰጥ 200 ዋጋ፦ 1400 ብር ውስን ፍሬ ነው ያለው ቁ1መገናኛ መሰረት ደፋር ሞል ሁለተኛ ፎቅ ቢሮ ቁ 0506 ቁ2ፒያሳ ጊዮርጊስ አደባባይ ራመትታቦርኦዳህንፃ 1ኛ ፎቅ ሱቅ ቁ 1 107 0902660722 0928460606 ፒያሳ ቅርንጫፍ 0941337070 በ ለማዘዝ ይጠቀሙ ለተጨማሪ ማብራሪያ የቴሌግራም ገፃችን,2024-09-20T16:41:53+00:00,photos\httpstmeZemenExpress_5280bin
71,Zemen Express®,https://t.me/ZemenExpress,5279,በኤሌክትሪክ የሚሰራ ለቤት መልካም መዓዛን የሚሰጥ 200 ዋጋ፦ 1400 ብር ውስን ፍሬ ነው ያለው ቁ1መገናኛ መሰረት ደፋር ሞል ሁለተኛ ፎቅ ቢሮ ቁ 0506 ቁ2ፒያሳ ጊዮርጊስ አደባባይ ራመትታቦርኦዳህንፃ 1ኛ ፎቅ ሱቅ ቁ 1 107 0902660722 0928460606 ፒያሳ ቅርንጫፍ 0941337070 በ ለማዘዝ ይጠቀሙ ለተጨማሪ ማብራሪያ የቴሌግራም ገፃችን,2024-09-20T16:41:32+00:00,photos\httpstmeZemenExpress_5279bin
75,Zemen Express®,https://t.me/ZemenExpress,5275,በቻርጅ የሚሰራ ዋጋ፦ 900ብር ውስን ፍሬ ነው ያለው አድራሻ ቁ1መገናኛ መሰረት ደፋር ሞል ሁለተኛ ፎቅ ቢሮ ቁ 0506 ቁ2ፒያሳ ጊዮርጊስ አደባባይ ራመትታቦርኦዳህንፃ 1ኛ ፎቅ ሱቅ ቁ 1 107 0902660722 0928460606 ፒያሳ ቅርንጫፍ 0941337070 በ ለማዘዝ ይጠቀሙ ለተጨማሪ ማብራሪያ የቴሌግራም ገፃችን,2024-09-20T07:32:05+00:00,photos\httpstmeZemenExpress_5275jpg
76,Zemen Express®,https://t.me/ZemenExpress,5274,በቻርጅ የሚሰራ ዋጋ፦ 900ብር ውስን ፍሬ ነው ያለው አድራሻ ቁ1መገናኛ መሰረት ደፋር ሞል ሁለተኛ ፎቅ ቢሮ ቁ 0506 ቁ2ፒያሳ ጊዮርጊስ አደባባይ ራመትታቦርኦዳህንፃ 1ኛ ፎቅ ሱቅ ቁ 1 107 0902660722 0928460606 ፒያሳ ቅርንጫፍ 0941337070 በ ለማዘዝ ይጠቀሙ ለተጨማሪ ማብራሪያ የቴሌግራም ገፃችን,2024-09-20T07:30:56+00:00,photos\httpstmeZemenExpress_5274bin
77,Zemen Express®,https://t.me/ZemenExpress,5273,በቻርጅ የሚሰራ ዋጋ፦ 900ብር ውስን ፍሬ ነው ያለው አድራሻ ቁ1መገናኛ መሰረት ደፋር ሞል ሁለተኛ ፎቅ ቢሮ ቁ 0506 ቁ2ፒያሳ ጊዮርጊስ አደባባይ ራመትታቦርኦዳህንፃ 1ኛ ፎቅ ሱቅ ቁ 1 107 0902660722 0928460606 ፒያሳ ቅርንጫፍ 0941337070 በ ለማዘዝ ይጠቀሙ ለተጨማሪ ማብራሪያ የቴሌግራም ገፃችን,2024-09-20T07:30:39+00:00,photos\httpstmeZemenExpress_5273bin
78,Zemen Express®,https://t.me/ZemenExpress,5272,412 ዋጋ፦ 850 ብር ውስን ፍሬ ነው ያለው አድራሻ ቁ1መገናኛ መሰረት ደፋር ሞል ሁለተኛ ፎቅ ቢሮ ቁ 0506 ቁ2ፒያሳ ጊዮርጊስ አደባባይ ራመትታቦርኦዳህንፃ 1ኛ ፎቅ ሱቅ ቁ 1 107 0902660722 0928460606 ፒያሳ ቅርንጫፍ 0941337070 በ ለማዘዝ ይጠቀሙ ለተጨማሪ ማብራሪያ የቴሌግራም ገፃችን,2024-09-20T07:13:57+00:00,photos\httpstmeZemenExpress_5272jpg
79,Zemen Express®,https://t.me/ZemenExpress,5271,412 ዋጋ፦ 850 ብር ውስን ፍሬ ነው ያለው አድራሻ ቁ1መገናኛ መሰረት ደፋር ሞል ሁለተኛ ፎቅ ቢሮ ቁ 0506 ቁ2ፒያሳ ጊዮርጊስ አደባባይ ራመትታቦርኦዳህንፃ 1ኛ ፎቅ ሱቅ ቁ 1 107 0902660722 0928460606 ፒያሳ ቅርንጫፍ 0941337070 በ ለማዘዝ ይጠቀሙ ለተጨማሪ ማብራሪያ የቴሌግራም ገፃችን,2024-09-20T07:13:51+00:00,photos\httpstmeZemenExpress_5271jpg
80,Zemen Express®,https://t.me/ZemenExpress,5270,412 ዋጋ፦ 850 ብር ውስን ፍሬ ነው ያለው አድራሻ ቁ1መገናኛ መሰረት ደፋር ሞል ሁለተኛ ፎቅ ቢሮ ቁ 0506 ቁ2ፒያሳ ጊዮርጊስ አደባባይ ራመትታቦርኦዳህንፃ 1ኛ ፎቅ ሱቅ ቁ 1 107 0902660722 0928460606 ፒያሳ ቅርንጫፍ 0941337070 በ ለማዘዝ ይጠቀሙ ለተጨማሪ ማብራሪያ የቴሌግራም ገፃችን,2024-09-20T07:12:18+00:00,photos\httpstmeZemenExpress_5270bin
86,Zemen Express®,https://t.me/ZemenExpress,5264,ለአያያዝ በጣም ቀላል ዋጋ፦ 1400 ብር ውስን ፍሬ ነው ያለው አድራሻ ቁ1መገናኛ መሰረት ደፋር ሞል ሁለተኛ ፎቅ ቢሮ ቁ 0506 ቁ2ፒያሳ ጊዮርጊስ አደባባይ ራመትታቦርኦዳህንፃ 1ኛ ፎቅ ሱቅ ቁ 1 107 0902660722 0928460606 ፒያሳ ቅርንጫፍ 0941337070 በ ለማዘዝ ይጠቀሙ ለተጨማሪ ማብራሪያ የቴሌግራም ገፃችን,2024-09-19T13:01:47+00:00,photos\httpstmeZemenExpress_5264jpg
87,Zemen Express®,https://t.me/ZemenExpress,5263,ለአያያዝ በጣም ቀላል ዋጋ፦ 1400 ብር ውስን ፍሬ ነው ያለው አድራሻ ቁ1መገናኛ መሰረት ደፋር ሞል ሁለተኛ ፎቅ ቢሮ ቁ 0506 ቁ2ፒያሳ ጊዮርጊስ አደባባይ ራመትታቦርኦዳህንፃ 1ኛ ፎቅ ሱቅ ቁ 1 107 0902660722 0928460606 ፒያሳ ቅርንጫፍ 0941337070 በ ለማዘዝ ይጠቀሙ ለተጨማሪ ማብራሪያ የቴሌግራም ገፃችን,2024-09-19T13:01:04+00:00,photos\httpstmeZemenExpress_5263bin
93,Zemen Express®,https://t.me/ZemenExpress,5257,ሲዘረጋ 68 ሲሰበሰብ 185 2438 7185 68 ዋጋ፦ 1200 ብር ውስን ፍሬ ነው ያለው አድራሻ ቁ1መገናኛ መሰረት ደፋር ሞል ሁለተኛ ፎቅ ቢሮ ቁ 0506 ቁ2ፒያሳ ጊዮርጊስ አደባባይ ራመትታቦርኦዳህንፃ 1ኛ ፎቅ ሱቅ ቁ 1 107 0902660722 0928460606 ፒያሳ ቅርንጫፍ 0941337070 በ ለማዘዝ ይጠቀሙ ለተጨማሪ ማብራሪያ የቴሌግራም ገፃችን,2024-09-19T09:56:43+00:00,photos\httpstmeZemenExpress_5257jpg
99,Zemen Express®,https://t.me/ZemenExpress,5251,የአጠቃቀም ዘዴ 1ለቡና ዱቄት የሚሆን በቂ ቦታ በመተው በውሃ መሙላት ይጀምሩ 2ውስጥ ባለው ማጣሪያ የሚፈልጉትን የቡና መጠን ይጨምሩ 3የማጣሪያውን ክዳን አጥብቀው ይዝጉ እና የቡናውን ቦታ በእኩል መጠን ለማከፋፈል ቀስ ብለው ማወዛወዝ 4ለተወሰኑ ሰአታት ፍሪጅ ውስጥ ማስቀመጥ 5 ቀዝቃዛ ቡናዎን በበረዶ ወይም ከወተት ጋር በመቀላቀል መጠጣት ይችላሉ ዋጋ፦ 900 ብር ውስን ፍሬ ነው ያለው አድራሻ ቁ1መገናኛ መሰረት ደፋር ሞል ሁለተኛ ፎቅ ቢሮ ቁ 0506 ቁ2ፒያሳ ጊዮርጊስ አደባባይ ራመትታቦርኦዳህንፃ 1ኛ ፎቅ ሱቅ ቁ 1 107 0902660722 0928460606 ፒያሳ ቅርንጫፍ 0941337070 በ ለማዘዝ ይጠቀሙ ለተጨማሪ ማብራሪያ የቴሌግራም ገፃችን,2024-09-18T16:36:40+00:00,photos\httpstmeZemenExpress_5251jpg
100,Zemen Express®,https://t.me/ZemenExpress,5250,የአጠቃቀም ዘዴ 1ለቡና ዱቄት የሚሆን በቂ ቦታ በመተው በውሃ መሙላት ይጀምሩ 2ውስጥ ባለው ማጣሪያ የሚፈልጉትን የቡና መጠን ይጨምሩ 3የማጣሪያውን ክዳን አጥብቀው ይዝጉ እና የቡናውን ቦታ በእኩል መጠን ለማከፋፈል ቀስ ብለው ማወዛወዝ 4ለተወሰኑ ሰአታት ፍሪጅ ውስጥ ማስቀመጥ 5 ቀዝቃዛ ቡናዎን በበረዶ ወይም ከወተት ጋር በመቀላቀል መጠጣት ይችላሉ ዋጋ፦ 900 ብር ውስን ፍሬ ነው ያለው አድራሻ ቁ1መገናኛ መሰረት ደፋር ሞል ሁለተኛ ፎቅ ቢሮ ቁ 0506 ቁ2ፒያሳ ጊዮርጊስ አደባባይ ራመትታቦርኦዳህንፃ 1ኛ ፎቅ ሱቅ ቁ 1 107 0902660722 0928460606 ፒያሳ ቅርንጫፍ 0941337070 በ ለማዘዝ ይጠቀሙ ለተጨማሪ ማብራሪያ የቴሌግራም ገፃችን,2024-09-18T16:36:16+00:00,photos\httpstmeZemenExpress_5250bin
106,Zemen Express®,https://t.me/ZemenExpress,5244,ዋጋ፦ 450 ብር ውስን ፍሬ ነው ያለው አድራሻ ቁ1መገናኛ መሰረት ደፋር ሞል ሁለተኛ ፎቅ ቢሮ ቁ 0506 ቁ2ፒያሳ ጊዮርጊስ አደባባይ ራመትታቦርኦዳህንፃ 1ኛ ፎቅ ሱቅ ቁ 1 107 0902660722 0928460606 ፒያሳ ቅርንጫፍ 0941337070 በ ለማዘዝ ይጠቀሙ ለተጨማሪ ማብራሪያ የቴሌግራም ገፃችን,2024-09-18T13:44:24+00:00,photos\httpstmeZemenExpress_5244jpg
109,Zemen Express®,https://t.me/ZemenExpress,5241,1 ዋጋ፦ 400 ብር ውስን ፍሬ ነው ያለው አድራሻ ቁ1መገናኛ መሰረት ደፋር ሞል ሁለተኛ ፎቅ ቢሮ ቁ 0506 ቁ2ፒያሳ ጊዮርጊስ አደባባይ ራመትታቦርኦዳህንፃ 1ኛ ፎቅ ሱቅ ቁ 1 107 0902660722 0928460606 ፒያሳ ቅርንጫፍ 0941337070 በ ለማዘዝ ይጠቀሙ ለተጨማሪ ማብራሪያ የቴሌግራም ገፃችን,2024-09-18T05:18:33+00:00,photos\httpstmeZemenExpress_5241jpg
110,Zemen Express®,https://t.me/ZemenExpress,5240,1 ዋጋ፦ 400 ብር ውስን ፍሬ ነው ያለው አድራሻ ቁ1መገናኛ መሰረት ደፋር ሞል ሁለተኛ ፎቅ ቢሮ ቁ 0506 ቁ2ፒያሳ ጊዮርጊስ አደባባይ ራመትታቦርኦዳህንፃ 1ኛ ፎቅ ሱቅ ቁ 1 107 0902660722 0928460606 ፒያሳ ቅርንጫፍ 0941337070 በ ለማዘዝ ይጠቀሙ ለተጨማሪ ማብራሪያ የቴሌግራም ገፃችን,2024-09-18T05:17:39+00:00,photos\httpstmeZemenExpress_5240bin
111,Zemen Express®,https://t.me/ZemenExpress,5239,ዋጋ፦ 4 250 ብር ውስን ፍሬ ነው ያለው አድራሻ ቁ1መገናኛ መሰረት ደፋር ሞል ሁለተኛ ፎቅ ቢሮ ቁ 0506 ቁ2ፒያሳ ጊዮርጊስ አደባባይ ራመትታቦርኦዳህንፃ 1ኛ ፎቅ ሱቅ ቁ 1 107 0902660722 0928460606 ፒያሳ ቅርንጫፍ 0941337070 በ ለማዘዝ ይጠቀሙ ለተጨማሪ ማብራሪያ የቴሌግራም ገፃችን,2024-09-17T11:54:51+00:00,photos\httpstmeZemenExpress_5239jpg
117,Zemen Express®,https://t.me/ZemenExpress,5232,6 እንደ ማማሰያም መጠጫም የሚያገለግል የማይዝግ የራሱ ማፅጃ ብሩሽ ያለው በ 2 የቀለም አማራጭ ዋጋ፦ 600 ብር ውስን ፍሬ ነው ያለው አድራሻ ቁ1መገናኛ መሰረት ደፋር ሞል ሁለተኛ ፎቅ ቢሮ ቁ 0506 ቁ2ፒያሳ ጊዮርጊስ አደባባይ ራመትታቦርኦዳህንፃ 1ኛ ፎቅ ሱቅ ቁ 1 107 0902660722 0928460606 ፒያሳ ቅርንጫፍ 0941337070 በ ለማዘዝ ይጠቀሙ ለተጨማሪ ማብራሪያ የቴሌግራም ገፃችን,2024-09-17T05:42:52+00:00,photos\httpstmeZemenExpress_5232jpg
123,Zemen Express®,https://t.me/ZemenExpress,5226,3 2 ዋጋ፦ 1850 ብር ውስን ፍሬ ነው ያለው አድራሻ ቁ1መገናኛ መሰረት ደፋር ሞል ሁለተኛ ፎቅ ቢሮ ቁ 0506 ቁ2ፒያሳ ጊዮርጊስ አደባባይ ራመትታቦርኦዳህንፃ 1ኛ ፎቅ ሱቅ ቁ 1 107 0902660722 0928460606 ፒያሳ ቅርንጫፍ 0941337070 በ ለማዘዝ ይጠቀሙ ለተጨማሪ ማብራሪያ የቴሌግራም ገፃችን,2024-09-16T18:10:25+00:00,photos\httpstmeZemenExpress_5226jpg
124,Zemen Express®,https://t.me/ZemenExpress,5225,3 2 ዋጋ፦ 1850 ብር ውስን ፍሬ ነው ያለው አድራሻ ቁ1መገናኛ መሰረት ደፋር ሞል ሁለተኛ ፎቅ ቢሮ ቁ 0506 ቁ2ፒያሳ ጊዮርጊስ አደባባይ ራመትታቦርኦዳህንፃ 1ኛ ፎቅ ሱቅ ቁ 1 107 0902660722 0928460606 ፒያሳ ቅርንጫፍ 0941337070 በ ለማዘዝ ይጠቀሙ ለተጨማሪ ማብራሪያ የቴሌግራም ገፃችን,2024-09-16T18:09:35+00:00,photos\httpstmeZemenExpress_5225bin
125,Zemen Express®,https://t.me/ZemenExpress,5224,360 100 ዋጋ፦ 350 ብር ውስን ፍሬ ነው ያለው አድራሻ ቁ1መገናኛ መሰረት ደፋር ሞል ሁለተኛ ፎቅ ቢሮ ቁ 0506 ቁ2ፒያሳ ጊዮርጊስ አደባባይ ራመትታቦርኦዳህንፃ 1ኛ ፎቅ ሱቅ ቁ 1 107 0902660722 0928460606 ፒያሳ ቅርንጫፍ 0941337070 በ ለማዘዝ ይጠቀሙ ለተጨማሪ ማብራሪያ የቴሌግራም ገፃችን,2024-09-16T18:03:38+00:00,photos\httpstmeZemenExpress_5224jpg
126,Zemen Express®,https://t.me/ZemenExpress,5223,360 100 ዋጋ፦ 350 ብር ውስን ፍሬ ነው ያለው አድራሻ ቁ1መገናኛ መሰረት ደፋር ሞል ሁለተኛ ፎቅ ቢሮ ቁ 0506 ቁ2ፒያሳ ጊዮርጊስ አደባባይ ራመትታቦርኦዳህንፃ 1ኛ ፎቅ ሱቅ ቁ 1 107 0902660722 0928460606 ፒያሳ ቅርንጫፍ 0941337070 በ ለማዘዝ ይጠቀሙ ለተጨማሪ ማብራሪያ የቴሌግራም ገፃችን,2024-09-16T18:03:26+00:00,photos\httpstmeZemenExpress_5223bin
127,Zemen Express®,https://t.me/ZemenExpress,5222,360 100 ዋጋ፦ 350 ብር ውስን ፍሬ ነው ያለው አድራሻ ቁ1መገናኛ መሰረት ደፋር ሞል ሁለተኛ ፎቅ ቢሮ ቁ 0506 ቁ2ፒያሳ ጊዮርጊስ አደባባይ ራመትታቦርኦዳህንፃ 1ኛ ፎቅ ሱቅ ቁ 1 107 0902660722 0928460606 ፒያሳ ቅርንጫፍ 0941337070 በ ለማዘዝ ይጠቀሙ ለተጨማሪ ማብራሪያ የቴሌግራም ገፃችን,2024-09-16T17:50:11+00:00,photos\httpstmeZemenExpress_5222bin
128,Zemen Express®,https://t.me/ZemenExpress,5221,ለኪችንዎ ውበት እጅግ ተመራጭ ውሀ የማያስገባ ቅባት ዘይት ነገሮች እሳት እና ተቀጣጣይ ነገሮችን የሚቋቋም ለኪችን ካቢኔት ለካቢኔት መሳቢያወች ለኪችንዎ ግርግዳ ኪችንዎትን ውብ እና ፅዱ ለማድረግ ተመራጭ ዋጋ፦5 60 800 ብር ውስን ፍሬ ነው ያለው አድራሻ ቁ1መገናኛ መሰረት ደፋር ሞል ሁለተኛ ፎቅ ቢሮ ቁ 0506 ቁ2ፒያሳ ጊዮርጊስ አደባባይ ራመትታቦርኦዳህንፃ 1ኛ ፎቅ ሱቅ ቁ 1 107 0902660722 0928460606 ፒያሳ ቅርንጫፍ 0941337070 በ ለማዘዝ ይጠቀሙ ለተጨማሪ ማብራሪያ የቴሌግራም ገፃችን,2024-09-16T04:34:04+00:00,photos\httpstmeZemenExpress_5221jpg
129,Zemen Express®,https://t.me/ZemenExpress,5220,ለኪችንዎ ውበት እጅግ ተመራጭ ውሀ የማያስገባ ቅባት ዘይት ነገሮች እሳት እና ተቀጣጣይ ነገሮችን የሚቋቋም ለኪችን ካቢኔት ለካቢኔት መሳቢያወች ለኪችንዎ ግርግዳ ኪችንዎትን ውብ እና ፅዱ ለማድረግ ተመራጭ ዋጋ፦5 60 800 ብር ውስን ፍሬ ነው ያለው አድራሻ ቁ1መገናኛ መሰረት ደፋር ሞል ሁለተኛ ፎቅ ቢሮ ቁ 0506 ቁ2ፒያሳ ጊዮርጊስ አደባባይ ራመትታቦርኦዳህንፃ 1ኛ ፎቅ ሱቅ ቁ 1 107 0902660722 0928460606 ፒያሳ ቅርንጫፍ 0941337070 በ ለማዘዝ ይጠቀሙ ለተጨማሪ ማብራሪያ የቴሌግራም ገፃችን,2024-09-16T04:33:52+00:00,photos\httpstmeZemenExpress_5220bin
130,Zemen Express®,https://t.me/ZemenExpress,5219,እንኳን ለ1ሺህ 499ኛው የመውሊድ በዓል በሰላም አደረሳችሁ,2024-09-15T08:27:22+00:00,photos\httpstmeZemenExpress_5219jpg
135,Zemen Express®,https://t.me/ZemenExpress,5214,ዘመናዊ በኤሌክትሮኒክስ የሚሰራ ሚዛን እስከ 50 ኪሎ ይመዝናል በባትሪ ድንጋይ የሚሰራ በቀላሉ በኪስ የሚያዝ ትክክለኛ ልኬት 50 110 10 02 30 2 ዋጋ፦ 700 ብር አድራሻ ቁ1መገናኛ መሰረት ደፋር ሞል ሁለተኛ ፎቅ ቢሮ ቁ 0506 ቁ2ፒያሳ ጊዮርጊስ አደባባይ ራመትታቦርኦዳህንፃ 1ኛ ፎቅ ሱቅ ቁ 1 107 0902660722 0928460606 ፒያሳ ቅርንጫፍ 0941337070 በ ለማዘዝ ይጠቀሙ ለተጨማሪ ማብራሪያ የቴሌግራም ገፃችን,2024-09-14T10:52:26+00:00,photos\httpstmeZemenExpress_5214jpg
136,Zemen Express®,https://t.me/ZemenExpress,5213,ውሃ የማያስገባ ብዙ ኪስ ስላለው በርካታ ዕቃልብስ ይይዙበታል ለጉዞ ቀለል ያሉ ልብሶችንን ይይዙበታል በተለይ ለ እመጫት እናቶች የህፃናት ልብስ ለመያዝ ዋጋ፦ 1300 ብር አድራሻ ቁ1መገናኛ መሰረት ደፋር ሞል ሁለተኛ ፎቅ ቢሮ ቁ 0506 ቁ2ፒያሳ ጊዮርጊስ አደባባይ ራመትታቦርኦዳህንፃ 1ኛ ፎቅ ሱቅ ቁ 1 107 0902660722 0928460606 ፒያሳ ቅርንጫፍ 0941337070 በ ለማዘዝ ይጠቀሙ ለተጨማሪ ማብራሪያ የቴሌግራም ገፃችን,2024-09-14T07:10:28+00:00,photos\httpstmeZemenExpress_5213jpg
137,Zemen Express®,https://t.me/ZemenExpress,5212,ውሃ የማያስገባ ብዙ ኪስ ስላለው በርካታ ዕቃልብስ ይይዙበታል ለጉዞ ቀለል ያሉ ልብሶችንን ይይዙበታል በተለይ ለ እመጫት እናቶች የህፃናት ልብስ ለመያዝ ዋጋ፦ 1300 ብር አድራሻ ቁ1መገናኛ መሰረት ደፋር ሞል ሁለተኛ ፎቅ ቢሮ ቁ 0506 ቁ2ፒያሳ ጊዮርጊስ አደባባይ ራመትታቦርኦዳህንፃ 1ኛ ፎቅ ሱቅ ቁ 1 107 0902660722 0928460606 ፒያሳ ቅርንጫፍ 0941337070 በ ለማዘዝ ይጠቀሙ ለተጨማሪ ማብራሪያ የቴሌግራም ገፃችን,2024-09-14T07:10:17+00:00,photos\httpstmeZemenExpress_5212bin
141,Zemen Express®,https://t.me/ZemenExpress,5208,የሸቶ መቀነሻ የሸቶ መቀነሻ ዋጋ፦ 200 ብር ውስን ፍሬ ነው ያለው አድራሻ ቁ1መገናኛ መሰረት ደፋር ሞል ሁለተኛ ፎቅ ቢሮ ቁ 0506 ቁ2ፒያሳ ጊዮርጊስ አደባባይ ራመትታቦርኦዳህንፃ 1ኛ ፎቅ ሱቅ ቁ 1 107 0902660722 0928460606 ፒያሳ ቅርንጫፍ 0941337070 በ ለማዘዝ ይጠቀሙ ለተጨማሪ ማብራሪያ የቴሌግራም ገፃችን,2024-09-14T04:59:48+00:00,photos\httpstmeZemenExpress_5208jpg
142,Zemen Express®,https://t.me/ZemenExpress,5207,የሸቶ መቀነሻ የሸቶ መቀነሻ ዋጋ፦ 200 ብር ውስን ፍሬ ነው ያለው አድራሻ ቁ1መገናኛ መሰረት ደፋር ሞል ሁለተኛ ፎቅ ቢሮ ቁ 0506 ቁ2ፒያሳ ጊዮርጊስ አደባባይ ራመትታቦርኦዳህንፃ 1ኛ ፎቅ ሱቅ ቁ 1 107 0902660722 0928460606 ፒያሳ ቅርንጫፍ 0941337070 በ ለማዘዝ ይጠቀሙ ለተጨማሪ ማብራሪያ የቴሌግራም ገፃችን,2024-09-14T04:59:15+00:00,photos\httpstmeZemenExpress_5207bin
143,Zemen Express®,https://t.me/ZemenExpress,5206,የፀጉር እስቲመር ትሪትመንት ወይም ቅቤ ተቀብተው በቤቶ ሆነው የሚጠቀሙበት ዋጋ፦ 750 ብር ውስን ፍሬ ነው ያለው አድራሻ ቁ1መገናኛ መሰረት ደፋር ሞል ሁለተኛ ፎቅ ቢሮ ቁ 0506 ቁ2ፒያሳ ጊዮርጊስ አደባባይ ራመትታቦርኦዳህንፃ 1ኛ ፎቅ ሱቅ ቁ 1 107 0902660722 0928460606 ፒያሳ ቅርንጫፍ 0941337070 በ ለማዘዝ ይጠቀሙ ለተጨማሪ ማብራሪያ የቴሌግራም ገፃችን,2024-09-13T06:57:27+00:00,photos\httpstmeZemenExpress_5206jpg
144,Zemen Express®,https://t.me/ZemenExpress,5205,የፀጉር እስቲመር ትሪትመንት ወይም ቅቤ ተቀብተው በቤቶ ሆነው የሚጠቀሙበት ዋጋ፦ 750 ብር ውስን ፍሬ ነው ያለው አድራሻ ቁ1መገናኛ መሰረት ደፋር ሞል ሁለተኛ ፎቅ ቢሮ ቁ 0506 ቁ2ፒያሳ ጊዮርጊስ አደባባይ ራመትታቦርኦዳህንፃ 1ኛ ፎቅ ሱቅ ቁ 1 107 0902660722 0928460606 ፒያሳ ቅርንጫፍ 0941337070 በ ለማዘዝ ይጠቀሙ ለተጨማሪ ማብራሪያ የቴሌግራም ገፃችን,2024-09-13T06:57:19+00:00,photos\httpstmeZemenExpress_5205jpg
145,Zemen Express®,https://t.me/ZemenExpress,5204,የፀጉር እስቲመር ትሪትመንት ወይም ቅቤ ተቀብተው በቤቶ ሆነው የሚጠቀሙበት ዋጋ፦ 750 ብር ውስን ፍሬ ነው ያለው አድራሻ ቁ1መገናኛ መሰረት ደፋር ሞል ሁለተኛ ፎቅ ቢሮ ቁ 0506 ቁ2ፒያሳ ጊዮርጊስ አደባባይ ራመትታቦርኦዳህንፃ 1ኛ ፎቅ ሱቅ ቁ 1 107 0902660722 0928460606 ፒያሳ ቅርንጫፍ 0941337070 በ ለማዘዝ ይጠቀሙ ለተጨማሪ ማብራሪያ የቴሌግራም ገፃችን,2024-09-13T06:57:12+00:00,photos\httpstmeZemenExpress_5204bin
146,Zemen Express®,https://t.me/ZemenExpress,5203,4 ዋጋ፦ 1200 ብር ውስን ፍሬ ነው ያለው አድራሻ ቁ1መገናኛ መሰረት ደፋር ሞል ሁለተኛ ፎቅ ቢሮ ቁ 0506 ቁ2ፒያሳ ጊዮርጊስ አደባባይ ራመትታቦርኦዳህንፃ 1ኛ ፎቅ ሱቅ ቁ 1 107 0902660722 0928460606 ፒያሳ ቅርንጫፍ 0941337070 በ ለማዘዝ ይጠቀሙ ለተጨማሪ ማብራሪያ የቴሌግራም ገፃችን,2024-09-13T05:16:39+00:00,photos\httpstmeZemenExpress_5203jpg
148,Zemen Express®,https://t.me/ZemenExpress,5201,4 ዋጋ፦ 1200 ብር ውስን ፍሬ ነው ያለው አድራሻ ቁ1መገናኛ መሰረት ደፋር ሞል ሁለተኛ ፎቅ ቢሮ ቁ 0506 ቁ2ፒያሳ ጊዮርጊስ አደባባይ ራመትታቦርኦዳህንፃ 1ኛ ፎቅ ሱቅ ቁ 1 107 0902660722 0928460606 ፒያሳ ቅርንጫፍ 0941337070 በ ለማዘዝ ይጠቀሙ ለተጨማሪ ማብራሪያ የቴሌግራም ገፃችን,2024-09-13T05:16:31+00:00,photos\httpstmeZemenExpress_5201jpg
153,Zemen Express®,https://t.me/ZemenExpress,5193,3 ጥራት ያለው ማቴሪያል የራሱ አየር ማስተንፈሻ ያለው የፍሪጅ ቆይታውን የምንቆጣጠርበት ቀን መመዝገቢያ ያለው 3 የተለያየ ሳይዝ አንድ ላይ የያዘ ዋጋ፦ 2700 ብር ውስን ፍሬ ነው ያለው አድራሻ ቁ1መገናኛ መሰረት ደፋር ሞል ሁለተኛ ፎቅ ቢሮ ቁ 0506 ቁ2ፒያሳ ጊዮርጊስ አደባባይ ራመትታቦርኦዳህንፃ 1ኛ ፎቅ ሱቅ ቁ 1 107 0902660722 0928460606 ፒያሳ ቅርንጫፍ 0941337070 በ ለማዘዝ ይጠቀሙ ለተጨማሪ ማብራሪያ የቴሌግራም ገፃችን,2024-09-11T09:47:59+00:00,photos\httpstmeZemenExpress_5193jpg
154,Zemen Express®,https://t.me/ZemenExpress,5192,3 ጥራት ያለው ማቴሪያል የራሱ አየር ማስተንፈሻ ያለው የፍሪጅ ቆይታውን የምንቆጣጠርበት ቀን መመዝገቢያ ያለው 3 የተለያየ ሳይዝ አንድ ላይ የያዘ ዋጋ፦ 2700 ብር ውስን ፍሬ ነው ያለው አድራሻ ቁ1መገናኛ መሰረት ደፋር ሞል ሁለተኛ ፎቅ ቢሮ ቁ 0506 ቁ2ፒያሳ ጊዮርጊስ አደባባይ ራመትታቦርኦዳህንፃ 1ኛ ፎቅ ሱቅ ቁ 1 107 0902660722 0928460606 ፒያሳ ቅርንጫፍ 0941337070 በ ለማዘዝ ይጠቀሙ ለተጨማሪ ማብራሪያ የቴሌግራም ገፃችን,2024-09-11T09:47:45+00:00,photos\httpstmeZemenExpress_5192bin
155,Zemen Express®,https://t.me/ZemenExpress,5191,ዛሬ መገናኛ የሚገኘው ሱቃችን እስከ ቀኑ 1100 ድረስ ክፍት ነው,2024-09-11T06:37:16+00:00,photos\httpstmeZemenExpress_5191jpg
156,Zemen Express®,https://t.me/ZemenExpress,5190,እንኳን አደረሳችሁ 2017 በቅድሚያ መርጣችሁ በደንበኝነት አብራችሁን ለነበራችሁ ሁሉ እያመሰገንን ውድ ቤተሰቦቻችን በሙሉ እንኳን አደረሳችሁ እንላለን አዲሱ አመት የበረከት የመትረፍረፍ ሀገራችን ላይ ሰላም የሚሰፍንበት የተበደሉት የሚካሱበት በመከራ ውስጥ ያሉ የሚፅናኑበት አመት ያድርግልን ሰላም ለሰው ልጅ ሁሉ መልካም በአል አድራሻ ቁ1መገናኛ መሰረት ደፋር ሞል ሁለተኛ ፎቅ ቢሮ ቁ 0506 ቁ2ፒያሳ ጊዮርጊስ አደባባይ ራመትታቦርኦዳህንፃ 1ኛ ፎቅ ሱቅ ቁ 1 107 0902660722 0928460606 ፒያሳ ቅርንጫፍ 0941337070 በ ለማዘዝ ይጠቀሙ ለተጨማሪ ማብራሪያ የቴሌግራም ገፃችን,2024-09-10T19:56:37+00:00,photos\httpstmeZemenExpress_5190jpg
157,Zemen Express®,https://t.me/ZemenExpress,5189,ዋጋ፦ 1000 ብር ውስን ፍሬ ነው ያለው አድራሻ ቁ1መገናኛ መሰረት ደፋር ሞል ሁለተኛ ፎቅ ቢሮ ቁ 0506 ቁ2ፒያሳ ጊዮርጊስ አደባባይ ራመትታቦርኦዳህንፃ 1ኛ ፎቅ ሱቅ ቁ 1 107 0902660722 0928460606 ፒያሳ ቅርንጫፍ 0941337070 በ ለማዘዝ ይጠቀሙ ለተጨማሪ ማብራሪያ የቴሌግራም ገፃችን,2024-09-10T12:18:03+00:00,photos\httpstmeZemenExpress_5189jpg
158,Zemen Express®,https://t.me/ZemenExpress,5188,ዋጋ፦ 1000 ብር ውስን ፍሬ ነው ያለው አድራሻ ቁ1መገናኛ መሰረት ደፋር ሞል ሁለተኛ ፎቅ ቢሮ ቁ 0506 ቁ2ፒያሳ ጊዮርጊስ አደባባይ ራመትታቦርኦዳህንፃ 1ኛ ፎቅ ሱቅ ቁ 1 107 0902660722 0928460606 ፒያሳ ቅርንጫፍ 0941337070 በ ለማዘዝ ይጠቀሙ ለተጨማሪ ማብራሪያ የቴሌግራም ገፃችን,2024-09-10T12:17:57+00:00,photos\httpstmeZemenExpress_5188jpg
159,Zemen Express®,https://t.me/ZemenExpress,5187,ዋጋ፦ 1000 ብር ውስን ፍሬ ነው ያለው አድራሻ ቁ1መገናኛ መሰረት ደፋር ሞል ሁለተኛ ፎቅ ቢሮ ቁ 0506 ቁ2ፒያሳ ጊዮርጊስ አደባባይ ራመትታቦርኦዳህንፃ 1ኛ ፎቅ ሱቅ ቁ 1 107 0902660722 0928460606 ፒያሳ ቅርንጫፍ 0941337070 በ ለማዘዝ ይጠቀሙ ለተጨማሪ ማብራሪያ የቴሌግራም ገፃችን,2024-09-10T12:15:54+00:00,photos\httpstmeZemenExpress_5187bin
160,Zemen Express®,https://t.me/ZemenExpress,5186,ስጋ ጨጓራ ሽንኩርት በሰከንዶች ድቅቅ የሚያደርግ 6 3 1500 ዋጋ፦ 4000 ብር ውስን ፍሬ ነው ያለን አድራሻ ቁ1መገናኛ መሰረት ደፋር ሞል ሁለተኛ ፎቅ ቢሮ ቁ 0506 ቁ2ፒያሳ ጊዮርጊስ አደባባይ ራመትታቦርኦዳህንፃ 1ኛ ፎቅ ሱቅ ቁ 1 107 0902660722 0928460606 ፒያሳ ቅርንጫፍ 0941337070 በ ለማዘዝ ይጠቀሙ ለተጨማሪ ማብራሪያ የቴሌግራም ገፃችን,2024-09-10T10:53:16+00:00,photos\httpstmeZemenExpress_5186jpg
167,Zemen Express®,https://t.me/ZemenExpress,5179,ስጋ ጨጓራ ሽንኩርት በሰከንዶች ድቅቅ የሚያደርግ 6 3 1500 ዋጋ፦ 4000 ብር ውስን ፍሬ ነው ያለን አድራሻ ቁ1መገናኛ መሰረት ደፋር ሞል ሁለተኛ ፎቅ ቢሮ ቁ 0506 ቁ2ፒያሳ ጊዮርጊስ አደባባይ ራመትታቦርኦዳህንፃ 1ኛ ፎቅ ሱቅ ቁ 1 107 0902660722 0928460606 ፒያሳ ቅርንጫፍ 0941337070 በ ለማዘዝ ይጠቀሙ ለተጨማሪ ማብራሪያ የቴሌግራም ገፃችን,2024-09-10T10:51:38+00:00,photos\httpstmeZemenExpress_5179jpg
168,Zemen Express®,https://t.me/ZemenExpress,5178,በኤሌክትሪክ የሚሰራ ለቤት መልካም መዓዛን የሚሰጥ 330 25 3050 1 1 1 ዋጋ፦ 1200 ብር ውስን ፍሬ ነው ያለው አድራሻ ቁ1መገናኛ መሰረት ደፋር ሞል ሁለተኛ ፎቅ ቢሮ ቁ 0506 ቁ2ፒያሳ ጊዮርጊስ አደባባይ ራመትታቦርኦዳህንፃ 1ኛ ፎቅ ሱቅ ቁ 1 107 0902660722 0928460606 ፒያሳ ቅርንጫፍ 0941337070 በ ለማዘዝ ይጠቀሙ ለተጨማሪ ማብራሪያ የቴሌግራም ገፃችን,2024-09-10T08:55:32+00:00,photos\httpstmeZemenExpress_5178jpg
169,Zemen Express®,https://t.me/ZemenExpress,5177,በኤሌክትሪክ የሚሰራ ለቤት መልካም መዓዛን የሚሰጥ 330 25 3050 1 1 1 ዋጋ፦ 1200 ብር ውስን ፍሬ ነው ያለው አድራሻ ቁ1መገናኛ መሰረት ደፋር ሞል ሁለተኛ ፎቅ ቢሮ ቁ 0506 ቁ2ፒያሳ ጊዮርጊስ አደባባይ ራመትታቦርኦዳህንፃ 1ኛ ፎቅ ሱቅ ቁ 1 107 0902660722 0928460606 ፒያሳ ቅርንጫፍ 0941337070 በ ለማዘዝ ይጠቀሙ ለተጨማሪ ማብራሪያ የቴሌግራም ገፃችን,2024-09-10T08:54:55+00:00,photos\httpstmeZemenExpress_5177bin
170,Zemen Express®,https://t.me/ZemenExpress,5176,9 1 ሞረድ 5 በተለያየ መጠን ቢላዎች 1 መላጫ 1 መቀስ ከማስቀመጫው ጋር ዋጋ፦ 2700 ብር ውስን ፍሬ ነው ያለው አድራሻ ቁ1መገናኛ መሰረት ደፋር ሞል ሁለተኛ ፎቅ ቢሮ ቁ 0506 ቁ2ፒያሳ ጊዮርጊስ አደባባይ ራመትታቦርኦዳህንፃ 1ኛ ፎቅ ሱቅ ቁ 1 107 0902660722 0928460606 ፒያሳ ቅርንጫፍ 0941337070 በ ለማዘዝ ይጠቀሙ ለተጨማሪ ማብራሪያ የቴሌግራም ገፃችን,2024-09-10T08:01:56+00:00,photos\httpstmeZemenExpress_5176jpg
173,Zemen Express®,https://t.me/ZemenExpress,5173,ግድግዳ ላይ የራሱ መለጠፊያ ያለው ብሩሽ ላይ የሚገኙ ባክቴሪያዎችን በ 3 ደቂቃ ውስጥ መግደል የሚችል ስትራላይዘር ያለው በአንዴ 4 ብሩሽ እና ፂም መላጫ መያዝ የሚችል እንዲሁም ከስር በመጫን ብቻ የጥርስ ሳሙናው ብሩሹ ላይ ማድረግ የሚያስችል ሲስተም ያለው አጠቃቀሙ ቀላል የጥርስ ሳሙና ብክነት የሚያስወግድ ማንኛውንም ዓይነት የጥርስ ሳሙና መያዝ የሚችል ዋጋ፦ 700 ብር ውስን ፍሬ ነው ያለው አድራሻ ቁ1መገናኛ መሰረት ደፋር ሞል ሁለተኛ ፎቅ ቢሮ ቁ 0506 ቁ2ፒያሳ ጊዮርጊስ አደባባይ ራመትታቦርኦዳህንፃ 1ኛ ፎቅ ሱቅ ቁ 1 107 0902660722 0928460606 ፒያሳ ቅርንጫፍ 0941337070 በ ለማዘዝ ይጠቀሙ ለተጨማሪ ማብራሪያ የቴሌግራም ገፃችን,2024-09-09T11:41:52+00:00,photos\httpstmeZemenExpress_5173jpg
174,Zemen Express®,https://t.me/ZemenExpress,5172,ግድግዳ ላይ የራሱ መለጠፊያ ያለው ብሩሽ ላይ የሚገኙ ባክቴሪያዎችን በ 3 ደቂቃ ውስጥ መግደል የሚችል ስትራላይዘር ያለው በአንዴ 4 ብሩሽ እና ፂም መላጫ መያዝ የሚችል እንዲሁም ከስር በመጫን ብቻ የጥርስ ሳሙናው ብሩሹ ላይ ማድረግ የሚያስችል ሲስተም ያለው አጠቃቀሙ ቀላል የጥርስ ሳሙና ብክነት የሚያስወግድ ማንኛውንም ዓይነት የጥርስ ሳሙና መያዝ የሚችል ዋጋ፦ 700 ብር ውስን ፍሬ ነው ያለው አድራሻ ቁ1መገናኛ መሰረት ደፋር ሞል ሁለተኛ ፎቅ ቢሮ ቁ 0506 ቁ2ፒያሳ ጊዮርጊስ አደባባይ ራመትታቦርኦዳህንፃ 1ኛ ፎቅ ሱቅ ቁ 1 107 0902660722 0928460606 ፒያሳ ቅርንጫፍ 0941337070 በ ለማዘዝ ይጠቀሙ ለተጨማሪ ማብራሪያ የቴሌግራም ገፃችን,2024-09-09T11:41:37+00:00,photos\httpstmeZemenExpress_5172bin
175,Zemen Express®,https://t.me/ZemenExpress,5171,ጥቅም ላይ በማይውልበት ጊዜ ሊታጠፍ የሚችል 503024 ዋጋ፦ 1500 ብር ውስን ፍሬ ነው ያለው አድራሻ ቁ1መገናኛ መሰረት ደፋር ሞል ሁለተኛ ፎቅ ቢሮ ቁ 0506 ቁ2ፒያሳ ጊዮርጊስ አደባባይ ራመትታቦርኦዳህንፃ 1ኛ ፎቅ ሱቅ ቁ 1 107 0902660722 0928460606 ፒያሳ ቅርንጫፍ 0941337070 በ ለማዘዝ ይጠቀሙ ለተጨማሪ ማብራሪያ የቴሌግራም ገፃችን,2024-09-09T10:00:51+00:00,photos\httpstmeZemenExpress_5171jpg
176,Zemen Express®,https://t.me/ZemenExpress,5170,ጥቅም ላይ በማይውልበት ጊዜ ሊታጠፍ የሚችል 503024 ዋጋ፦ 1500 ብር ውስን ፍሬ ነው ያለው አድራሻ ቁ1መገናኛ መሰረት ደፋር ሞል ሁለተኛ ፎቅ ቢሮ ቁ 0506 ቁ2ፒያሳ ጊዮርጊስ አደባባይ ራመትታቦርኦዳህንፃ 1ኛ ፎቅ ሱቅ ቁ 1 107 0902660722 0928460606 ፒያሳ ቅርንጫፍ 0941337070 በ ለማዘዝ ይጠቀሙ ለተጨማሪ ማብራሪያ የቴሌግራም ገፃችን,2024-09-09T10:00:12+00:00,photos\httpstmeZemenExpress_5170bin
177,Zemen Express®,https://t.me/ZemenExpress,5169,ጥቅም ላይ በማይውልበት ጊዜ ሊታጠፍ የሚችል 503024 ዋጋ፦ 1500 ብር ውስን ፍሬ ነው ያለው አድራሻ ቁ1መገናኛ መሰረት ደፋር ሞል ሁለተኛ ፎቅ ቢሮ ቁ 0506 ቁ2ፒያሳ ጊዮርጊስ አደባባይ ራመትታቦርኦዳህንፃ 1ኛ ፎቅ ሱቅ ቁ 1 107 0902660722 0928460606 ፒያሳ ቅርንጫፍ 0941337070 በ ለማዘዝ ይጠቀሙ ለተጨማሪ ማብራሪያ የቴሌግራም ገፃችን,2024-09-09T09:59:59+00:00,photos\httpstmeZemenExpress_5169bin
180,Zemen Express®,https://t.me/ZemenExpress,5166,የቦታ ጥበት ካለብዎ ይሄ ያስፈልግዎታል ላይ ሊጠቀሙበት ይችላሉ የንፅህና ዕቃዎችን፣ ኮስሞቲክሶች እና አትክልትፍራፍሬዎችን ሊያስቀምጡበት ይችላሉ ግድግዳ መብሳት አያስፈልግዎትም ከጠንካራ ብረት እና ፕላስቲክ የተሰራ እርጥበትን የሚቋቋም የማይዝግ ማያያዣ ሁክ ያለው ዋጋ፦ 1100 ብር ውስን ፍሬ ነው ያለው አድራሻ ቁ1መገናኛ መሰረት ደፋር ሞል ሁለተኛ ፎቅ ቢሮ ቁ 0506 ቁ2ፒያሳ ጊዮርጊስ አደባባይ ራመትታቦርኦዳህንፃ 1ኛ ፎቅ ሱቅ ቁ 1 107 0902660722 0928460606 ፒያሳ ቅርንጫፍ 0941337070 በ ለማዘዝ ይጠቀሙ ለተጨማሪ ማብራሪያ የቴሌግራም ገፃችን,2024-09-09T04:26:35+00:00,photos\httpstmeZemenExpress_5166jpg
181,Zemen Express®,https://t.me/ZemenExpress,5165,የቦታ ጥበት ካለብዎ ይሄ ያስፈልግዎታል ላይ ሊጠቀሙበት ይችላሉ የንፅህና ዕቃዎችን፣ ኮስሞቲክሶች እና አትክልትፍራፍሬዎችን ሊያስቀምጡበት ይችላሉ ግድግዳ መብሳት አያስፈልግዎትም ከጠንካራ ብረት እና ፕላስቲክ የተሰራ እርጥበትን የሚቋቋም የማይዝግ ማያያዣ ሁክ ያለው ዋጋ፦ 1100 ብር ውስን ፍሬ ነው ያለው አድራሻ ቁ1መገናኛ መሰረት ደፋር ሞል ሁለተኛ ፎቅ ቢሮ ቁ 0506 ቁ2ፒያሳ ጊዮርጊስ አደባባይ ራመትታቦርኦዳህንፃ 1ኛ ፎቅ ሱቅ ቁ 1 107 0902660722 0928460606 ፒያሳ ቅርንጫፍ 0941337070 በ ለማዘዝ ይጠቀሙ ለተጨማሪ ማብራሪያ የቴሌግራም ገፃችን,2024-09-09T04:26:19+00:00,photos\httpstmeZemenExpress_5165bin
182,Zemen Express®,https://t.me/ZemenExpress,5164,በረፍት ቀንዎ ሱቅ ላይ መስተናገድ ለምትፈልጉ ውድ ደንበኞቻችን ልዮ የዋዜማ ገበያ ከቅናሽ ጋር አዘጋጅተን እንጠብቅዎታለን ነገ ከጠዋቱ 430 ቀኑ 1100 ድረስ ሱቃችን ክፍት ሁኖ ይጠብቅዎታል ሱቅ መተው መግዛት ላልቻላችሁ በሞተረኞች ያሉበት እናደርሳለን ዘወትር ሰኞ ቅዳሜ ከጠዋቱ 230 እስከ ምሽቱ 200 ድረስ ክፍት መሆኑን እንገልፃለን አድራሻ ቁ1መገናኛ መሰረት ደፋር ሞል ሁለተኛ ፎቅ ቢሮ ቁ 0506 ቁ2ፒያሳ ጊዮርጊስ አደባባይ ራመትታቦርኦዳህንፃ 1ኛ ፎቅ ሱቅ ቁ 1 107 0902660722 0928460606 ፒያሳ ቅርንጫፍ 0941337070 በ ለማዘዝ ይጠቀሙ ለተጨማሪ ማብራሪያ የቴሌግራም ገፃችን,2024-09-07T16:50:57+00:00,photos\httpstmeZemenExpress_5164jpg
183,Zemen Express®,https://t.me/ZemenExpress,5163,385 ዋጋ፦ 350 ብር ውስን ፍሬ ነው ያለው አድራሻ ቁ1መገናኛ መሰረት ደፋር ሞል ሁለተኛ ፎቅ ቢሮ ቁ 0506 ቁ2ፒያሳ ጊዮርጊስ አደባባይ ራመትታቦርኦዳህንፃ 1ኛ ፎቅ ሱቅ ቁ 1 107 0902660722 0928460606 ፒያሳ ቅርንጫፍ 0941337070 በ ለማዘዝ ይጠቀሙ ለተጨማሪ ማብራሪያ የቴሌግራም ገፃችን,2024-09-07T08:23:23+00:00,photos\httpstmeZemenExpress_5163bin
184,Zemen Express®,https://t.me/ZemenExpress,5162,የማይዙ ማራኪ ግራናይት ቅብ ድስቶች 4 ድስቶች 1 መጥበጫ ከነ ክዳናቸው እንዲሁም ሁለት ጭልፋዎች በአንድ ላይ ዋጋ፦ 8200 ብር ውስን ፍሬ ነው ያለው አድራሻ ቁ1መገናኛ መሰረት ደፋር ሞል ሁለተኛ ፎቅ ቢሮ ቁ 0506 ቁ2ፒያሳ ጊዮርጊስ አደባባይ ራመትታቦርኦዳህንፃ 1ኛ ፎቅ ሱቅ ቁ 1 107 0902660722 0928460606 ፒያሳ ቅርንጫፍ 0941337070 በ ለማዘዝ ይጠቀሙ ለተጨማሪ ማብራሪያ የቴሌግራም ገፃችን,2024-09-06T17:03:50+00:00,photos\httpstmeZemenExpress_5162jpg
185,Zemen Express®,https://t.me/ZemenExpress,5161,በቻርጅ የሚሰራ ላይተር በ1 ቻርጅ ለረዥም ጊዜ የሚቆይ ዋጋ፦ 600 ብር ውስን ፍሬ ነው ያለው አድራሻ ቁ1መገናኛ መሰረት ደፋር ሞል ሁለተኛ ፎቅ ቢሮ ቁ 0506 ቁ2ፒያሳ ጊዮርጊስ አደባባይ ራመትታቦርኦዳህንፃ 1ኛ ፎቅ ሱቅ ቁ 1 107 0902660722 0928460606 ፒያሳ ቅርንጫፍ 0941337070 በ ለማዘዝ ይጠቀሙ ለተጨማሪ ማብራሪያ የቴሌግራም ገፃችን,2024-09-06T11:23:43+00:00,photos\httpstmeZemenExpress_5161jpg
186,Zemen Express®,https://t.me/ZemenExpress,5160,በቻርጅ የሚሰራ ላይተር በ1 ቻርጅ ለረዥም ጊዜ የሚቆይ ዋጋ፦ 600 ብር ውስን ፍሬ ነው ያለው አድራሻ ቁ1መገናኛ መሰረት ደፋር ሞል ሁለተኛ ፎቅ ቢሮ ቁ 0506 ቁ2ፒያሳ ጊዮርጊስ አደባባይ ራመትታቦርኦዳህንፃ 1ኛ ፎቅ ሱቅ ቁ 1 107 0902660722 0928460606 ፒያሳ ቅርንጫፍ 0941337070 በ ለማዘዝ ይጠቀሙ ለተጨማሪ ማብራሪያ የቴሌግራም ገፃችን,2024-09-06T11:23:40+00:00,photos\httpstmeZemenExpress_5160jpg
187,Zemen Express®,https://t.me/ZemenExpress,5159,በቻርጅ የሚሰራ ላይተር በ1 ቻርጅ ለረዥም ጊዜ የሚቆይ ዋጋ፦ 600 ብር ውስን ፍሬ ነው ያለው አድራሻ ቁ1መገናኛ መሰረት ደፋር ሞል ሁለተኛ ፎቅ ቢሮ ቁ 0506 ቁ2ፒያሳ ጊዮርጊስ አደባባይ ራመትታቦርኦዳህንፃ 1ኛ ፎቅ ሱቅ ቁ 1 107 0902660722 0928460606 ፒያሳ ቅርንጫፍ 0941337070 በ ለማዘዝ ይጠቀሙ ለተጨማሪ ማብራሪያ የቴሌግራም ገፃችን,2024-09-06T11:23:27+00:00,photos\httpstmeZemenExpress_5159bin
188,Zemen Express®,https://t.me/ZemenExpress,5158,ዋጋ፦ 1250 ብር ውስን ፍሬ ነው ያለው አድራሻ ቁ1መገናኛ መሰረት ደፋር ሞል ሁለተኛ ፎቅ ቢሮ ቁ 0506 ቁ2ፒያሳ ጊዮርጊስ አደባባይ ራመትታቦርኦዳህንፃ 1ኛ ፎቅ ሱቅ ቁ 1 107 0902660722 0928460606 ፒያሳ ቅርንጫፍ 0941337070 በ ለማዘዝ ይጠቀሙ ለተጨማሪ ማብራሪያ የቴሌግራም ገፃችን,2024-09-06T05:45:29+00:00,photos\httpstmeZemenExpress_5158jpg
189,Zemen Express®,https://t.me/ZemenExpress,5157,ዋጋ፦ 1250 ብር ውስን ፍሬ ነው ያለው አድራሻ ቁ1መገናኛ መሰረት ደፋር ሞል ሁለተኛ ፎቅ ቢሮ ቁ 0506 ቁ2ፒያሳ ጊዮርጊስ አደባባይ ራመትታቦርኦዳህንፃ 1ኛ ፎቅ ሱቅ ቁ 1 107 0902660722 0928460606 ፒያሳ ቅርንጫፍ 0941337070 በ ለማዘዝ ይጠቀሙ ለተጨማሪ ማብራሪያ የቴሌግራም ገፃችን,2024-09-06T05:45:10+00:00,photos\httpstmeZemenExpress_5157jpg
190,Zemen Express®,https://t.me/ZemenExpress,5156,ዋጋ፦ 1250 ብር ውስን ፍሬ ነው ያለው አድራሻ ቁ1መገናኛ መሰረት ደፋር ሞል ሁለተኛ ፎቅ ቢሮ ቁ 0506 ቁ2ፒያሳ ጊዮርጊስ አደባባይ ራመትታቦርኦዳህንፃ 1ኛ ፎቅ ሱቅ ቁ 1 107 0902660722 0928460606 ፒያሳ ቅርንጫፍ 0941337070 በ ለማዘዝ ይጠቀሙ ለተጨማሪ ማብራሪያ የቴሌግራም ገፃችን,2024-09-06T05:42:56+00:00,photos\httpstmeZemenExpress_5156bin
191,Zemen Express®,https://t.me/ZemenExpress,5155,ዋጋ፦ 1250 ብር ውስን ፍሬ ነው ያለው አድራሻ ቁ1መገናኛ መሰረት ደፋር ሞል ሁለተኛ ፎቅ ቢሮ ቁ 0506 ቁ2ፒያሳ ጊዮርጊስ አደባባይ ራመትታቦርኦዳህንፃ 1ኛ ፎቅ ሱቅ ቁ 1 107 0902660722 0928460606 ፒያሳ ቅርንጫፍ 0941337070 በ ለማዘዝ ይጠቀሙ ለተጨማሪ ማብራሪያ የቴሌግራም ገፃችን,2024-09-06T05:42:39+00:00,photos\httpstmeZemenExpress_5155bin
197,Zemen Express®,https://t.me/ZemenExpress,5149,4 90 ዋጋ፦ 650 ብር አድራሻ ቁ1መገናኛ መሰረት ደፋር ሞል ሁለተኛ ፎቅ ቢሮ ቁ 0506 ቁ2ፒያሳ ጊዮርጊስ አደባባይ ራመትታቦርኦዳህንፃ 1ኛ ፎቅ ሱቅ ቁ 1 107 0902660722 0928460606 ፒያሳ ቅርንጫፍ 0941337070 በ ለማዘዝ ይጠቀሙ ለተጨማሪ ማብራሪያ የቴሌግራም ገፃችን,2024-09-05T12:39:32+00:00,photos\httpstmeZemenExpress_5149jpg
198,Zemen Express®,https://t.me/ZemenExpress,5148,3 የሴራሚክ መጥበሻ በሁለት አማራጭ ይዘን መተናል ሶስቱን በአንድ ላይ ዋጋ፦ 242628 3800 ብር አድራሻ ቁ1መገናኛ መሰረት ደፋር ሞል ሁለተኛ ፎቅ ቢሮ ቁ 0506 ቁ2ፒያሳ ጊዮርጊስ አደባባይ ራመትታቦርኦዳህንፃ 1ኛ ፎቅ ሱቅ ቁ 1 107 0902660722 0928460606 ፒያሳ ቅርንጫፍ 0941337070 በ ለማዘዝ ይጠቀሙ ለተጨማሪ ማብራሪያ የቴሌግራም ገፃችን,2024-09-05T11:25:48+00:00,photos\httpstmeZemenExpress_5148jpg
203,Zemen Express®,https://t.me/ZemenExpress,5143,ባለብዙጥቅም የመስታወት ጎድጓዳ ሳህኖች ከ ብርጭቆ የተሰራ ለቤተዎ ተጨማሪ ውበትን የሚሰጥ ለሳላድ እንዲሁም ለዎጥ ማቅረቢያ ተመራጭ ዋጋ፦ 450 ብር ውስን ፍሬ ነው ያለው አድራሻ ቁ1መገናኛ መሰረት ደፋር ሞል ሁለተኛ ፎቅ ቢሮ ቁ 0506 ቁ2ፒያሳ ጊዮርጊስ አደባባይ ራመትታቦርኦዳህንፃ 1ኛ ፎቅ ሱቅ ቁ 1 107 0902660722 0928460606 ፒያሳ ቅርንጫፍ 0941337070 በ ለማዘዝ ይጠቀሙ ለተጨማሪ ማብራሪያ የቴሌግራም ገፃችን,2024-09-05T05:24:03+00:00,photos\httpstmeZemenExpress_5143jpg
204,Zemen Express®,https://t.me/ZemenExpress,5142,ባለብዙጥቅም የመስታወት ጎድጓዳ ሳህኖች ከ ብርጭቆ የተሰራ ለቤተዎ ተጨማሪ ውበትን የሚሰጥ ለሳላድ እንዲሁም ለዎጥ ማቅረቢያ ተመራጭ ዋጋ፦ 450 ብር ውስን ፍሬ ነው ያለው አድራሻ ቁ1መገናኛ መሰረት ደፋር ሞል ሁለተኛ ፎቅ ቢሮ ቁ 0506 ቁ2ፒያሳ ጊዮርጊስ አደባባይ ራመትታቦርኦዳህንፃ 1ኛ ፎቅ ሱቅ ቁ 1 107 0902660722 0928460606 ፒያሳ ቅርንጫፍ 0941337070 በ ለማዘዝ ይጠቀሙ ለተጨማሪ ማብራሪያ የቴሌግራም ገፃችን,2024-09-05T05:09:16+00:00,photos\httpstmeZemenExpress_5142jpg
205,Zemen Express®,https://t.me/ZemenExpress,5141,ባለብዙጥቅም የመስታወት ጎድጓዳ ሳህኖች ከ ብርጭቆ የተሰራ ለቤተዎ ተጨማሪ ውበትን የሚሰጥ ለሳላድ እንዲሁም ለዎጥ ማቅረቢያ ተመራጭ ዋጋ፦ 450 ብር ውስን ፍሬ ነው ያለው አድራሻ ቁ1መገናኛ መሰረት ደፋር ሞል ሁለተኛ ፎቅ ቢሮ ቁ 0506 ቁ2ፒያሳ ጊዮርጊስ አደባባይ ራመትታቦርኦዳህንፃ 1ኛ ፎቅ ሱቅ ቁ 1 107 0902660722 0928460606 ፒያሳ ቅርንጫፍ 0941337070 በ ለማዘዝ ይጠቀሙ ለተጨማሪ ማብራሪያ የቴሌግራም ገፃችን,2024-09-05T05:09:10+00:00,photos\httpstmeZemenExpress_5141jpg
206,Zemen Express®,https://t.me/ZemenExpress,5140,36 ማስቀመጫው ከጠንካራ ቀርቀሀ የተሰራ ለተለያየ ፕሮግራም የሚሆን ዋጋ፦ 2400 ብር ውስን ፍሬ ነው ያለው አድራሻ ቁ1መገናኛ መሰረት ደፋር ሞል ሁለተኛ ፎቅ ቢሮ ቁ 0506 ቁ2ፒያሳ ጊዮርጊስ አደባባይ ራመትታቦርኦዳህንፃ 1ኛ ፎቅ ሱቅ ቁ 1 107 0902660722 0928460606 ፒያሳ ቅርንጫፍ 0941337070 በ ለማዘዝ ይጠቀሙ ለተጨማሪ ማብራሪያ የቴሌግራም ገፃችን,2024-09-04T16:33:41+00:00,photos\httpstmeZemenExpress_5140jpg
207,Zemen Express®,https://t.me/ZemenExpress,5139,በቀላሉ ከሰል ለማያያዝ የሚሆን አነስ ያለ ቦታ የማይዝ በኤሌክትሪክ የሚሰራ ሻይ፣ ቡና ለማፍላት የሚሆን ዋጋ፦ 1300 ብር 1200 ብር ውስን ፍሬ ነው ያለው አድራሻ ቁ1መገናኛ መሰረት ደፋር ሞል ሁለተኛ ፎቅ ቢሮ ቁ 0506 ቁ2ፒያሳ ጊዮርጊስ አደባባይ ራመትታቦርኦዳህንፃ 1ኛ ፎቅ ሱቅ ቁ 1 107 0902660722 0928460606 ፒያሳ ቅርንጫፍ 0941337070 በ ለማዘዝ ይጠቀሙ ለተጨማሪ ማብራሪያ የቴሌግራም ገፃችን,2024-09-04T15:41:35+00:00,photos\httpstmeZemenExpress_5139jpg
208,Zemen Express®,https://t.me/ZemenExpress,5138,በቀላሉ ከሰል ለማያያዝ የሚሆን አነስ ያለ ቦታ የማይዝ በኤሌክትሪክ የሚሰራ ሻይ፣ ቡና ለማፍላት የሚሆን ዋጋ፦ 1300 ብር 1200 ብር ውስን ፍሬ ነው ያለው አድራሻ ቁ1መገናኛ መሰረት ደፋር ሞል ሁለተኛ ፎቅ ቢሮ ቁ 0506 ቁ2ፒያሳ ጊዮርጊስ አደባባይ ራመትታቦርኦዳህንፃ 1ኛ ፎቅ ሱቅ ቁ 1 107 0902660722 0928460606 ፒያሳ ቅርንጫፍ 0941337070 በ ለማዘዝ ይጠቀሙ ለተጨማሪ ማብራሪያ የቴሌግራም ገፃችን,2024-09-04T15:41:02+00:00,photos\httpstmeZemenExpress_5138bin
209,Zemen Express®,https://t.me/ZemenExpress,5137,ዋጋ፦ 20 1900 ብር 30 2100 ብር 40 2600 ብር ውስን ፍሬ ነው ያለው አድራሻ ቁ1መገናኛ መሰረት ደፋር ሞል ሁለተኛ ፎቅ ቢሮ ቁ 0506 ቁ2ፒያሳ ጊዮርጊስ አደባባይ ራመትታቦርኦዳህንፃ 1ኛ ፎቅ ሱቅ ቁ 1 107 0902660722 0928460606 ፒያሳ ቅርንጫፍ 0941337070 በ ለማዘዝ ይጠቀሙ ለተጨማሪ ማብራሪያ የቴሌግራም ገፃችን,2024-09-04T10:36:21+00:00,photos\httpstmeZemenExpress_5137jpg
210,Zemen Express®,https://t.me/ZemenExpress,5136,ቅናሽ 3 120 ዋጋ፦ 1200 ብር 1000 ብር ውስን ፍሬ ነው ያለው አድራሻ ቁ1መገናኛ መሰረት ደፋር ሞል ሁለተኛ ፎቅ ቢሮ ቁ 0506 ቁ2ፒያሳ ጊዮርጊስ አደባባይ ራመትታቦርኦዳህንፃ 1ኛ ፎቅ ሱቅ ቁ 1 107 0902660722 0928460606 ፒያሳ ቅርንጫፍ 0941337070 በ ለማዘዝ ይጠቀሙ ለተጨማሪ ማብራሪያ የቴሌግራም ገፃችን,2024-09-04T07:31:34+00:00,photos\httpstmeZemenExpress_5136jpg
211,Zemen Express®,https://t.me/ZemenExpress,5135,ቅናሽ 3 120 ዋጋ፦ 1200 ብር 1000 ብር ውስን ፍሬ ነው ያለው አድራሻ ቁ1መገናኛ መሰረት ደፋር ሞል ሁለተኛ ፎቅ ቢሮ ቁ 0506 ቁ2ፒያሳ ጊዮርጊስ አደባባይ ራመትታቦርኦዳህንፃ 1ኛ ፎቅ ሱቅ ቁ 1 107 0902660722 0928460606 ፒያሳ ቅርንጫፍ 0941337070 በ ለማዘዝ ይጠቀሙ ለተጨማሪ ማብራሪያ የቴሌግራም ገፃችን,2024-09-04T07:31:25+00:00,photos\httpstmeZemenExpress_5135bin
212,Zemen Express®,https://t.me/ZemenExpress,5134,ቅናሽ 3 120 ዋጋ፦ 1200 ብር 1000 ብር ውስን ፍሬ ነው ያለው አድራሻ ቁ1መገናኛ መሰረት ደፋር ሞል ሁለተኛ ፎቅ ቢሮ ቁ 0506 ቁ2ፒያሳ ጊዮርጊስ አደባባይ ራመትታቦርኦዳህንፃ 1ኛ ፎቅ ሱቅ ቁ 1 107 0902660722 0928460606 ፒያሳ ቅርንጫፍ 0941337070 በ ለማዘዝ ይጠቀሙ ለተጨማሪ ማብራሪያ የቴሌግራም ገፃችን,2024-09-04T07:31:07+00:00,photos\httpstmeZemenExpress_5134bin
213,Zemen Express®,https://t.me/ZemenExpress,5132,6 የጫማ ማስቀመጫ ባለ ስድስት ደረጃ ቦታ ቆጣቢ ሲዘረጋ 272786 ስፋት ከጠንካራ ፕላስቲክ የተሰራ ገጠማ የማይፈልግ 6 ጥንድ ጫማዎችን ይይዛል ዋጋ፦ 1950ብር ውስን ፍሬ ነው ያለው አድራሻ ቁ1መገናኛ መሰረት ደፋር ሞል ሁለተኛ ፎቅ ቢሮ ቁ 0506 ቁ2ፒያሳ ጊዮርጊስ አደባባይ ራመትታቦርኦዳህንፃ 1ኛ ፎቅ ሱቅ ቁ 1 107 0902660722 0928460606 ፒያሳ ቅርንጫፍ 0941337070 በ ለማዘዝ ይጠቀሙ ለተጨማሪ ማብራሪያ የቴሌግራም ገፃችን,2024-09-04T04:32:00+00:00,photos\httpstmeZemenExpress_5132jpg
214,Zemen Express®,https://t.me/ZemenExpress,5131,6 የጫማ ማስቀመጫ ባለ ስድስት ደረጃ ቦታ ቆጣቢ ሲዘረጋ 272786 ስፋት ከጠንካራ ፕላስቲክ የተሰራ ገጠማ የማይፈልግ 6 ጥንድ ጫማዎችን ይይዛል ዋጋ፦ 1950ብር ውስን ፍሬ ነው ያለው አድራሻ ቁ1መገናኛ መሰረት ደፋር ሞል ሁለተኛ ፎቅ ቢሮ ቁ 0506 ቁ2ፒያሳ ጊዮርጊስ አደባባይ ራመትታቦርኦዳህንፃ 1ኛ ፎቅ ሱቅ ቁ 1 107 0902660722 0928460606 ፒያሳ ቅርንጫፍ 0941337070 በ ለማዘዝ ይጠቀሙ ለተጨማሪ ማብራሪያ የቴሌግራም ገፃችን,2024-09-04T04:28:54+00:00,photos\httpstmeZemenExpress_5131bin
215,Zemen Express®,https://t.me/ZemenExpress,5130,መልካም አዲስ አመት ኑሮን በሚያቀሉ እቃወች ቤትዎን ያዘምኑ አድራሻ ቁ1መገናኛ መሰረት ደፋር ሞል ሁለተኛ ፎቅ ቢሮ ቁ 0506 ቁ2ፒያሳ ጊዮርጊስ አደባባይ ራመትታቦርኦዳህንፃ 1ኛ ፎቅ ሱቅ ቁ 1 107 0902660722 0928460606 ፒያሳ ቅርንጫፍ 0941337070 በ ለማዘዝ ይጠቀሙ ለተጨማሪ ማብራሪያ የቴሌግራም ገፃችን,2024-09-04T04:21:19+00:00,photos\httpstmeZemenExpress_5130jpg
216,Zemen Express®,https://t.me/ZemenExpress,5129,ሴራሚክ ንግስተ ሳባ መመገቢያ ሳህን ከፍተኛ ጥራት ያለው ዋጋ፦ 6ፍሬ 1ኛ ደረጃ 4000 ብር አድራሻ ቁ1መገናኛ መሰረት ደፋር ሞል ሁለተኛ ፎቅ ቢሮ ቁ 0506 ቁ2ፒያሳ ጊዮርጊስ አደባባይ ራመትታቦርኦዳህንፃ 1ኛ ፎቅ ሱቅ ቁ 1 107 0902660722 0928460606 ፒያሳ ቅርንጫፍ 0941337070 በ ለማዘዝ ይጠቀሙ ለተጨማሪ ማብራሪያ የቴሌግራም ገፃችን,2024-09-03T15:46:54+00:00,photos\httpstmeZemenExpress_5129jpg
222,Zemen Express®,https://t.me/ZemenExpress,5123,ለኪችንዎ ውበት እጅግ ተመራጭ ውሀ የማያስገባ ቅባት ዘይት ነገሮች እሳት እና ተቀጣጣይ ነገሮችን የሚቋቋም ለኪችን ካቢኔት ለካቢኔት መሳቢያወች ለኪችንዎ ግርግዳ ርዝመት 10 45 ዋጋ፦ 1100 ብር ውስን ፍሬ ነው ያለው አድራሻ ቁ1መገናኛ መሰረት ደፋር ሞል ሁለተኛ ፎቅ ቢሮ ቁ 0506 ቁ2ፒያሳ ጊዮርጊስ አደባባይ ራመትታቦርኦዳህንፃ 1ኛ ፎቅ ሱቅ ቁ 1 107 0902660722 0928460606 ፒያሳ ቅርንጫፍ 0941337070 በ ለማዘዝ ይጠቀሙ ለተጨማሪ ማብራሪያ የቴሌግራም ገፃችን,2024-09-03T07:17:44+00:00,photos\httpstmeZemenExpress_5123jpg
223,Zemen Express®,https://t.me/ZemenExpress,5122,ለኪችንዎ ውበት እጅግ ተመራጭ ውሀ የማያስገባ ቅባት ዘይት ነገሮች እሳት እና ተቀጣጣይ ነገሮችን የሚቋቋም ለኪችን ካቢኔት ለካቢኔት መሳቢያወች ለኪችንዎ ግርግዳ ርዝመት 10 45 ዋጋ፦ 1100 ብር ውስን ፍሬ ነው ያለው አድራሻ ቁ1መገናኛ መሰረት ደፋር ሞል ሁለተኛ ፎቅ ቢሮ ቁ 0506 ቁ2ፒያሳ ጊዮርጊስ አደባባይ ራመትታቦርኦዳህንፃ 1ኛ ፎቅ ሱቅ ቁ 1 107 0902660722 0928460606 ፒያሳ ቅርንጫፍ 0941337070 በ ለማዘዝ ይጠቀሙ ለተጨማሪ ማብራሪያ የቴሌግራም ገፃችን,2024-09-03T07:17:23+00:00,photos\httpstmeZemenExpress_5122bin
229,Zemen Express®,https://t.me/ZemenExpress,5116,በቻርጅ የሚሰራ 15 ርዝመት ያለው ካፕ ቅርፅ ያለው እና ለአያያዝ ምቹ ሁለት የላይት መቆጣጠሪያ ያለው ከፍተኛ ሙቀትን እና ቅዝቃዜን መቋቋም ከሚችል ማቴሪያል ስለተሰራ በማንኛውም የአየር ንብረት የምንጠቀመው እንደ ባትሪና ፓወር ባንክ የሚያገለግል ለካምፒንግ ለተለያዮ ፕሮግራሞች በጣም ተመራጭ ዋጋ፦ 1050 ብር ውስን ፍሬ ነው ያለው አድራሻ ቁ1መገናኛ መሰረት ደፋር ሞል ሁለተኛ ፎቅ ቢሮ ቁ 0506 ቁ2ፒያሳ ጊዮርጊስ አደባባይ ራመትታቦርኦዳህንፃ 1ኛ ፎቅ ሱቅ ቁ 1 107 0902660722 0928460606 ፒያሳ ቅርንጫፍ 0941337070 በ ለማዘዝ ይጠቀሙ ለተጨማሪ ማብራሪያ የቴሌግራም ገፃችን,2024-09-03T04:51:58+00:00,photos\httpstmeZemenExpress_5116jpg
230,Zemen Express®,https://t.me/ZemenExpress,5115,በቻርጅ የሚሰራ 15 ርዝመት ያለው ካፕ ቅርፅ ያለው እና ለአያያዝ ምቹ ሁለት የላይት መቆጣጠሪያ ያለው ከፍተኛ ሙቀትን እና ቅዝቃዜን መቋቋም ከሚችል ማቴሪያል ስለተሰራ በማንኛውም የአየር ንብረት የምንጠቀመው እንደ ባትሪና ፓወር ባንክ የሚያገለግል ለካምፒንግ ለተለያዮ ፕሮግራሞች በጣም ተመራጭ ዋጋ፦ 1050 ብር ውስን ፍሬ ነው ያለው አድራሻ ቁ1መገናኛ መሰረት ደፋር ሞል ሁለተኛ ፎቅ ቢሮ ቁ 0506 ቁ2ፒያሳ ጊዮርጊስ አደባባይ ራመትታቦርኦዳህንፃ 1ኛ ፎቅ ሱቅ ቁ 1 107 0902660722 0928460606 ፒያሳ ቅርንጫፍ 0941337070 በ ለማዘዝ ይጠቀሙ ለተጨማሪ ማብራሪያ የቴሌግራም ገፃችን,2024-09-03T04:50:40+00:00,photos\httpstmeZemenExpress_5115jpg
231,Zemen Express®,https://t.me/ZemenExpress,5114,ዋጋ፦ 900 ብር ውስን ፍሬ ነው ያለው አድራሻ ቁ1መገናኛ መሰረት ደፋር ሞል ሁለተኛ ፎቅ ቢሮ ቁ 0506 ቁ2ፒያሳ ጊዮርጊስ አደባባይ ራመትታቦርኦዳህንፃ 1ኛ ፎቅ ሱቅ ቁ 1 107 0902660722 0928460606 ፒያሳ ቅርንጫፍ 0941337070 በ ለማዘዝ ይጠቀሙ ለተጨማሪ ማብራሪያ የቴሌግራም ገፃችን,2024-09-02T18:55:54+00:00,photos\httpstmeZemenExpress_5114jpg
232,Zemen Express®,https://t.me/ZemenExpress,5113,150 ዋጋ፦ 1300 ብር ውስን ፍሬ ነው ያለው አድራሻ ቁ1መገናኛ መሰረት ደፋር ሞል ሁለተኛ ፎቅ ቢሮ ቁ 0506 ቁ2ፒያሳ ጊዮርጊስ አደባባይ ራመትታቦርኦዳህንፃ 1ኛ ፎቅ ሱቅ ቁ 1 107 0902660722 0928460606 ፒያሳ ቅርንጫፍ 0941337070 በ ለማዘዝ ይጠቀሙ ለተጨማሪ ማብራሪያ የቴሌግራም ገፃችን,2024-09-02T16:28:09+00:00,photos\httpstmeZemenExpress_5113jpg
233,Zemen Express®,https://t.me/ZemenExpress,5112,150 ዋጋ፦ 1400 ብር ውስን ፍሬ ነው ያለው አድራሻ ቁ1መገናኛ መሰረት ደፋር ሞል ሁለተኛ ፎቅ ቢሮ ቁ 0506 ቁ2ፒያሳ ጊዮርጊስ አደባባይ ራመትታቦርኦዳህንፃ 1ኛ ፎቅ ሱቅ ቁ 1 107 0902660722 0928460606 ፒያሳ ቅርንጫፍ 0941337070 በ ለማዘዝ ይጠቀሙ ለተጨማሪ ማብራሪያ የቴሌግራም ገፃችን,2024-09-02T16:28:01+00:00,photos\httpstmeZemenExpress_5112bin
234,Zemen Express®,https://t.me/ZemenExpress,5111,ዋጋ፦ 950 ብር ውስን ፍሬ ነው ያለው አድራሻ ቁ1መገናኛ መሰረት ደፋር ሞል ሁለተኛ ፎቅ ቢሮ ቁ 0506 ቁ2ፒያሳ ጊዮርጊስ አደባባይ ራመትታቦርኦዳህንፃ 1ኛ ፎቅ ሱቅ ቁ 1 107 0902660722 0928460606 ፒያሳ ቅርንጫፍ 0941337070 በ ለማዘዝ ይጠቀሙ ለተጨማሪ ማብራሪያ የቴሌግራም ገፃችን,2024-09-02T08:37:21+00:00,photos\httpstmeZemenExpress_5111jpg
235,Zemen Express®,https://t.me/ZemenExpress,5110,ዋጋ፦ 950 ብር ውስን ፍሬ ነው ያለው አድራሻ ቁ1መገናኛ መሰረት ደፋር ሞል ሁለተኛ ፎቅ ቢሮ ቁ 0506 ቁ2ፒያሳ ጊዮርጊስ አደባባይ ራመትታቦርኦዳህንፃ 1ኛ ፎቅ ሱቅ ቁ 1 107 0902660722 0928460606 ፒያሳ ቅርንጫፍ 0941337070 በ ለማዘዝ ይጠቀሙ ለተጨማሪ ማብራሪያ የቴሌግራም ገፃችን,2024-09-02T08:37:15+00:00,photos\httpstmeZemenExpress_5110jpg
241,Zemen Express®,https://t.me/ZemenExpress,5104,ዋጋ፦ 550 ብር ውስን ፍሬ ነው ያለው አድራሻ ቁ1መገናኛ መሰረት ደፋር ሞል ሁለተኛ ፎቅ ቢሮ ቁ 0506 ቁ2ፒያሳ ጊዮርጊስ አደባባይ ራመትታቦርኦዳህንፃ 1ኛ ፎቅ ሱቅ ቁ 1 107 0902660722 0928460606 ፒያሳ ቅርንጫፍ 0941337070 በ ለማዘዝ ይጠቀሙ ለተጨማሪ ማብራሪያ የቴሌግራም ገፃችን,2024-09-01T08:13:13+00:00,photos\httpstmeZemenExpress_5104jpg
242,Zemen Express®,https://t.me/ZemenExpress,5103,በረፍት ቀንዎ ሱቅ ላይ መስተናገድ ለምትፈልጉ ውድ ደንበኞቻችን ነገ ከጠዋቱ 430 ቀኑ 1100 ድረስ ሱቃችን ክፍት ሁኖ ይጠብቅዎታል ሱቅ መተው መግዛት ላልቻላችሁ በሞተረኞች ያሉበት እናደርሳለን ዘወትር ሰኞ ቅዳሜ ከጠዋቱ 230 እስከ ምሽቱ 200 ድረስ ክፍት መሆኑን እንገልፃለን አድራሻ ቁ1መገናኛ መሰረት ደፋር ሞል ሁለተኛ ፎቅ ቢሮ ቁ 0506 ቁ2ፒያሳ ጊዮርጊስ አደባባይ ራመትታቦርኦዳህንፃ 1ኛ ፎቅ ሱቅ ቁ 1 107 0902660722 0928460606 ፒያሳ ቅርንጫፍ 0941337070 በ ለማዘዝ ይጠቀሙ ለተጨማሪ ማብራሪያ የቴሌግራም ገፃችን,2024-08-31T15:40:57+00:00,photos\httpstmeZemenExpress_5103jpg
243,Zemen Express®,https://t.me/ZemenExpress,5102,5 16 18 20 22 24 ምንም ላይ ሊጥዱት የሚችሉት ቶሎ የሚግል ስሩ ወፍራም የሆነ የማይዝ ለማጠብ ቀላል ዋጋ፦ 7300 ብር ውስን ፍሬ ነው ያለው አድራሻ ቁ1መገናኛ መሰረት ደፋር ሞል ሁለተኛ ፎቅ ቢሮ ቁ 0506 ቁ2ፒያሳ ጊዮርጊስ አደባባይ ራመትታቦርኦዳህንፃ 1ኛ ፎቅ ሱቅ ቁ 1 107 0902660722 0928460606 ፒያሳ ቅርንጫፍ 0941337070 በ ለማዘዝ ይጠቀሙ ለተጨማሪ ማብራሪያ የቴሌግራም ገፃችን,2024-08-31T14:03:14+00:00,photos\httpstmeZemenExpress_5102jpg
244,Zemen Express®,https://t.me/ZemenExpress,5101,ለአጠቃቀም በጣም ምቹ እና ዘመናዊ ቆሻሻ የማይዝ 3500 ዋጋ፦ 7200ብር ውስን ፍሬ ነው ያለው አድራሻ ቁ1መገናኛ መሰረት ደፋር ሞል ሁለተኛ ፎቅ ቢሮ ቁ 0506 ቁ2ፒያሳ ጊዮርጊስ አደባባይ ራመትታቦርኦዳህንፃ 1ኛ ፎቅ ሱቅ ቁ 1 107 0902660722 0928460606 ፒያሳ ቅርንጫፍ 0941337070 በ ለማዘዝ ይጠቀሙ ለተጨማሪ ማብራሪያ የቴሌግራም ገፃችን,2024-08-31T10:24:07+00:00,photos\httpstmeZemenExpress_5101jpg
246,Zemen Express®,https://t.me/ZemenExpress,5099,ቅናሽ ወፍራሙ ዕቃ ለማጠብ ቤት ለማፅዳት መኪና ለማጠብ ለተለያየ አገልግሎት የሚውል ዋጋ፦ 350 ብር ውስን ፍሬ ነው ያለው አድራሻ ቁ1መገናኛ መሰረት ደፋር ሞል ሁለተኛ ፎቅ ቢሮ ቁ 0506 ቁ2ፒያሳ ጊዮርጊስ አደባባይ ራመትታቦርኦዳህንፃ 1ኛ ፎቅ ሱቅ ቁ 1 107 0902660722 0928460606 ፒያሳ ቅርንጫፍ 0941337070 በ ለማዘዝ ይጠቀሙ ለተጨማሪ ማብራሪያ የቴሌግራም ገፃችን,2024-08-30T08:08:25+00:00,photos\httpstmeZemenExpress_5099jpg
247,Zemen Express®,https://t.me/ZemenExpress,5098,ቅናሽ ወፍራሙ ዕቃ ለማጠብ ቤት ለማፅዳት መኪና ለማጠብ ለተለያየ አገልግሎት የሚውል ዋጋ፦ 350 ብር ውስን ፍሬ ነው ያለው አድራሻ ቁ1መገናኛ መሰረት ደፋር ሞል ሁለተኛ ፎቅ ቢሮ ቁ 0506 ቁ2ፒያሳ ጊዮርጊስ አደባባይ ራመትታቦርኦዳህንፃ 1ኛ ፎቅ ሱቅ ቁ 1 107 0902660722 0928460606 ፒያሳ ቅርንጫፍ 0941337070 በ ለማዘዝ ይጠቀሙ ለተጨማሪ ማብራሪያ የቴሌግራም ገፃችን,2024-08-30T08:05:12+00:00,photos\httpstmeZemenExpress_5098bin
248,Zemen Express®,https://t.me/ZemenExpress,5097,ጋቢ ለምኔ 7 የቀለም አማራጭ 220240 ዋጋ፦ 2600 ብር ውስን ፍሬ ነው ያለው አድራሻ ቁ1መገናኛ መሰረት ደፋር ሞል ሁለተኛ ፎቅ ቢሮ ቁ 0506 ቁ2ፒያሳ ጊዮርጊስ አደባባይ ራመትታቦርኦዳህንፃ 1ኛ ፎቅ ሱቅ ቁ 1 107 0902660722 0928460606 ፒያሳ ቅርንጫፍ 0941337070 በ ለማዘዝ ይጠቀሙ ለተጨማሪ ማብራሪያ የቴሌግራም ገፃችን,2024-08-30T05:25:59+00:00,photos\httpstmeZemenExpress_5097jpg
252,Zemen Express®,https://t.me/ZemenExpress,5093,ጋቢ ለምኔ 7 የቀለም አማራጭ 220240 ዋጋ፦ 2600 ብር ውስን ፍሬ ነው ያለው አድራሻ ቁ1መገናኛ መሰረት ደፋር ሞል ሁለተኛ ፎቅ ቢሮ ቁ 0506 ቁ2ፒያሳ ጊዮርጊስ አደባባይ ራመትታቦርኦዳህንፃ 1ኛ ፎቅ ሱቅ ቁ 1 107 0902660722 0928460606 ፒያሳ ቅርንጫፍ 0941337070 በ ለማዘዝ ይጠቀሙ ለተጨማሪ ማብራሪያ የቴሌግራም ገፃችን,2024-08-29T09:08:27+00:00,photos\httpstmeZemenExpress_5093jpg
253,Zemen Express®,https://t.me/ZemenExpress,5092,ትልቁ ሳቺ ባለሁለት ምድጃ ስቶቭ 2000 ዋት ፊውዝ የተገጠመለት ትልቅ ድስት መሸከም የሚችል አስተማማኝ ቴርሞስታት ባለ ፊውዝ ዋጋ፦ ትልቁ 2900 ብር ውስን ፍሬ ነው ያለው አድራሻ ቁ1መገናኛ መሰረት ደፋር ሞል ሁለተኛ ፎቅ ቢሮ ቁ 0506 ቁ2ፒያሳ ጊዮርጊስ አደባባይ ራመትታቦርኦዳህንፃ 1ኛ ፎቅ ሱቅ ቁ 1 107 0902660722 0928460606 ፒያሳ ቅርንጫፍ 0941337070 በ ለማዘዝ ይጠቀሙ ለተጨማሪ ማብራሪያ የቴሌግራም ገፃችን,2024-08-28T15:39:18+00:00,photos\httpstmeZemenExpress_5092jpg
258,Zemen Express®,https://t.me/ZemenExpress,5087,ዋጋ፦ 1300 ብር ውስን ፍሬ ነው ያለው አድራሻ ቁ1መገናኛ መሰረት ደፋር ሞል ሁለተኛ ፎቅ ቢሮ ቁ 0506 ቁ2ፒያሳ ጊዮርጊስ አደባባይ ራመትታቦርኦዳህንፃ 1ኛ ፎቅ ሱቅ ቁ 1 107 0902660722 0928460606 ፒያሳ ቅርንጫፍ 0941337070 በ ለማዘዝ ይጠቀሙ ለተጨማሪ ማብራሪያ የቴሌግራም ገፃችን,2024-08-28T07:49:28+00:00,photos\httpstmeZemenExpress_5087jpg
259,Zemen Express®,https://t.me/ZemenExpress,5086,ዋጋ፦ 1300 ብር ውስን ፍሬ ነው ያለው አድራሻ ቁ1መገናኛ መሰረት ደፋር ሞል ሁለተኛ ፎቅ ቢሮ ቁ 0506 ቁ2ፒያሳ ጊዮርጊስ አደባባይ ራመትታቦርኦዳህንፃ 1ኛ ፎቅ ሱቅ ቁ 1 107 0902660722 0928460606 ፒያሳ ቅርንጫፍ 0941337070 በ ለማዘዝ ይጠቀሙ ለተጨማሪ ማብራሪያ የቴሌግራም ገፃችን,2024-08-28T07:49:15+00:00,photos\httpstmeZemenExpress_5086bin
260,Zemen Express®,https://t.me/ZemenExpress,5085,ዋጋ፦ 1300 ብር ውስን ፍሬ ነው ያለው አድራሻ ቁ1መገናኛ መሰረት ደፋር ሞል ሁለተኛ ፎቅ ቢሮ ቁ 0506 ቁ2ፒያሳ ጊዮርጊስ አደባባይ ራመትታቦርኦዳህንፃ 1ኛ ፎቅ ሱቅ ቁ 1 107 0902660722 0928460606 ፒያሳ ቅርንጫፍ 0941337070 በ ለማዘዝ ይጠቀሙ ለተጨማሪ ማብራሪያ የቴሌግራም ገፃችን,2024-08-28T07:48:58+00:00,photos\httpstmeZemenExpress_5085bin
261,Zemen Express®,https://t.me/ZemenExpress,5084,3 በቀላሉ ለማፅዳት ምቹ ውሀ የማያስገባ 1 1 1 ዋጋ፦ 750 ብር ቁ1መገናኛ መሰረት ደፋር ሞል ሁለተኛ ፎቅ ቢሮ ቁ 0506 ቁ2ፒያሳ ጊዮርጊስ አደባባይ ራመትታቦርኦዳህንፃ 1ኛ ፎቅ ሱቅ ቁ 1 107 0902660722 0928460606 ፒያሳ ቅርንጫፍ 0941337070 በ ለማዘዝ ይጠቀሙ ለተጨማሪ ማብራሪያ የቴሌግራም ገፃችን,2024-08-27T08:27:55+00:00,photos\httpstmeZemenExpress_5084jpg
262,Zemen Express®,https://t.me/ZemenExpress,5083,26 ግላስ ጃር ማስቀመጫው ወርቃማ ብረት ለተለያየ ፕሮግራም የሚሆን ዋጋ፦ 2600 ብር ውስን ፍሬ ነው ያለው አድራሻ ቁ1መገናኛ መሰረት ደፋር ሞል ሁለተኛ ፎቅ ቢሮ ቁ 0506 ቁ2ፒያሳ ጊዮርጊስ አደባባይ ራመትታቦርኦዳህንፃ 1ኛ ፎቅ ሱቅ ቁ 1 107 0902660722 0928460606 ፒያሳ ቅርንጫፍ 0941337070 በ ለማዘዝ ይጠቀሙ ለተጨማሪ ማብራሪያ የቴሌግራም ገፃችን,2024-08-27T07:39:01+00:00,photos\httpstmeZemenExpress_5083jpg
266,Zemen Express®,https://t.me/ZemenExpress,5079,630 ዋጋ፦ 900 ብር ውስን ፍሬ ነው ያለው አድራሻ ቁ1መገናኛ መሰረት ደፋር ሞል ሁለተኛ ፎቅ ቢሮ ቁ 0506 ቁ2ፒያሳ ጊዮርጊስ አደባባይ ራመትታቦርኦዳህንፃ 1ኛ ፎቅ ሱቅ ቁ 1 107 0902660722 0928460606 ፒያሳ ቅርንጫፍ 0941337070 በ ለማዘዝ ይጠቀሙ ለተጨማሪ ማብራሪያ የቴሌግራም ገፃችን,2024-08-26T12:09:29+00:00,photos\httpstmeZemenExpress_5079jpg
267,Zemen Express®,https://t.me/ZemenExpress,5078,630 ዋጋ፦ 900 ብር ውስን ፍሬ ነው ያለው አድራሻ ቁ1መገናኛ መሰረት ደፋር ሞል ሁለተኛ ፎቅ ቢሮ ቁ 0506 ቁ2ፒያሳ ጊዮርጊስ አደባባይ ራመትታቦርኦዳህንፃ 1ኛ ፎቅ ሱቅ ቁ 1 107 0902660722 0928460606 ፒያሳ ቅርንጫፍ 0941337070 በ ለማዘዝ ይጠቀሙ ለተጨማሪ ማብራሪያ የቴሌግራም ገፃችን,2024-08-26T12:07:30+00:00,photos\httpstmeZemenExpress_5078bin
273,Zemen Express®,https://t.me/ZemenExpress,5072,ለማንኛውም ዓይነት የውሃ ጀሪካን የሚሆን ቱቦው 12 የሚረዝም መጠጫ ብርጭቆ በራሱ ላይ ማስቀመጥ ይቻላል 4 መጥነው መቅዳት የሚችሉበት 100 200 500 700 1000 ዋጋ፦ 1200 ብር አድራሻ ቁ1መገናኛ መሰረት ደፋር ሞል ሁለተኛ ፎቅ ቢሮ ቁ 0506 ቁ2ፒያሳ ጊዮርጊስ አደባባይ ራመትታቦርኦዳህንፃ 1ኛ ፎቅ ሱቅ ቁ 1 107 0902660722 0928460606 ፒያሳ ቅርንጫፍ 0941337070 በ ለማዘዝ ይጠቀሙ ለተጨማሪ ማብራሪያ የቴሌግራም ገፃችን,2024-08-26T05:25:24+00:00,photos\httpstmeZemenExpress_5072jpg
274,Zemen Express®,https://t.me/ZemenExpress,5071,ለማንኛውም ዓይነት የውሃ ጀሪካን የሚሆን ቱቦው 12 የሚረዝም መጠጫ ብርጭቆ በራሱ ላይ ማስቀመጥ ይቻላል 4 መጥነው መቅዳት የሚችሉበት 100 200 500 700 1000 ዋጋ፦ 1200 ብር አድራሻ ቁ1መገናኛ መሰረት ደፋር ሞል ሁለተኛ ፎቅ ቢሮ ቁ 0506 ቁ2ፒያሳ ጊዮርጊስ አደባባይ ራመትታቦርኦዳህንፃ 1ኛ ፎቅ ሱቅ ቁ 1 107 0902660722 0928460606 ፒያሳ ቅርንጫፍ 0941337070 በ ለማዘዝ ይጠቀሙ ለተጨማሪ ማብራሪያ የቴሌግራም ገፃችን,2024-08-26T05:24:32+00:00,photos\httpstmeZemenExpress_5071bin
275,Zemen Express®,https://t.me/ZemenExpress,5070,ክሰል ቆጣቢ ውብ እና ጠንካራ ዋጋ፦ 4400 ብር ውስን ፍሬ ነው ያለው አድራሻ ቁ1መገናኛ መሰረት ደፋር ሞል ሁለተኛ ፎቅ ቢሮ ቁ 0506 ቁ2ፒያሳ ጊዮርጊስ አደባባይ ራመትታቦርኦዳህንፃ 1ኛ ፎቅ ሱቅ ቁ 1 107 0902660722 0928460606 ፒያሳ ቅርንጫፍ 0941337070 በ ለማዘዝ ይጠቀሙ ለተጨማሪ ማብራሪያ የቴሌግራም ገፃችን,2024-08-25T16:51:31+00:00,photos\httpstmeZemenExpress_5070jpg
276,Zemen Express®,https://t.me/ZemenExpress,5069,ዛሬ ሱቃችን ዝግ መሆኑን በትህትና እንገልፃለን ዘወትር ሰኞ ቅዳሜ እንደተለመደው ከጠዋቱ 230 ጀምሮ ሱቃችን ክፍት ነው አድራሻ ቁ1መገናኛ መሰረት ደፋር ሞል ሁለተኛ ፎቅ ቢሮ ቁ 0506 ቁ2ፒያሳ ጊዮርጊስ አደባባይ ራመትታቦርኦዳህንፃ 1ኛ ፎቅ ሱቅ ቁ 1 107 0902660722 0928460606 ፒያሳ ቅርንጫፍ 0941337070 በ ለማዘዝ ይጠቀሙ ለተጨማሪ ማብራሪያ የቴሌግራም ገፃችን,2024-08-25T07:30:50+00:00,photos\httpstmeZemenExpress_5069jpg
277,Zemen Express®,https://t.me/ZemenExpress,5068,21 4500 ከጁስ በተጨማሪ ቅመም የሚፈጭ በረዶ ስለሚፈጭ ለስራ ተመራጭ ዋጋ፦ 3900 ብር ውስን ፍሬ ነው ያለው አድራሻ ቁ1መገናኛ መሰረት ደፋር ሞል ሁለተኛ ፎቅ ቢሮ ቁ 0506 ቁ2ፒያሳ ጊዮርጊስ አደባባይ ራመትታቦርኦዳህንፃ 1ኛ ፎቅ ሱቅ ቁ 1 107 0902660722 0928460606 ፒያሳ ቅርንጫፍ 0941337070 በ ለማዘዝ ይጠቀሙ ለተጨማሪ ማብራሪያ የቴሌግራም ገፃችን,2024-08-24T11:52:11+00:00,photos\httpstmeZemenExpress_5068jpg
278,Zemen Express®,https://t.me/ZemenExpress,5067,21 4500 ከጁስ በተጨማሪ ቅመም የሚፈጭ በረዶ ስለሚፈጭ ለስራ ተመራጭ ዋጋ፦ 3900 ብር ውስን ፍሬ ነው ያለው አድራሻ ቁ1መገናኛ መሰረት ደፋር ሞል ሁለተኛ ፎቅ ቢሮ ቁ 0506 ቁ2ፒያሳ ጊዮርጊስ አደባባይ ራመትታቦርኦዳህንፃ 1ኛ ፎቅ ሱቅ ቁ 1 107 0902660722 0928460606 ፒያሳ ቅርንጫፍ 0941337070 በ ለማዘዝ ይጠቀሙ ለተጨማሪ ማብራሪያ የቴሌግራም ገፃችን,2024-08-24T11:52:05+00:00,photos\httpstmeZemenExpress_5067jpg
279,Zemen Express®,https://t.me/ZemenExpress,5066,21 ዋጋ፦ 700 ብር ውስን ፍሬ ነው ያለው አድራሻ ቁ1መገናኛ መሰረት ደፋር ሞል ሁለተኛ ፎቅ ቢሮ ቁ 0506 ቁ2ፒያሳ ጊዮርጊስ አደባባይ ራመትታቦርኦዳህንፃ 1ኛ ፎቅ ሱቅ ቁ 1 107 0902660722 0928460606 ፒያሳ ቅርንጫፍ 0941337070 በ ለማዘዝ ይጠቀሙ ለተጨማሪ ማብራሪያ የቴሌግራም ገፃችን,2024-08-23T18:38:00+00:00,photos\httpstmeZemenExpress_5066jpg
280,Zemen Express®,https://t.me/ZemenExpress,5065,21 ዋጋ፦ 700 ብር ውስን ፍሬ ነው ያለው አድራሻ ቁ1መገናኛ መሰረት ደፋር ሞል ሁለተኛ ፎቅ ቢሮ ቁ 0506 ቁ2ፒያሳ ጊዮርጊስ አደባባይ ራመትታቦርኦዳህንፃ 1ኛ ፎቅ ሱቅ ቁ 1 107 0902660722 0928460606 ፒያሳ ቅርንጫፍ 0941337070 በ ለማዘዝ ይጠቀሙ ለተጨማሪ ማብራሪያ የቴሌግራም ገፃችን,2024-08-23T18:37:34+00:00,photos\httpstmeZemenExpress_5065bin
281,Zemen Express®,https://t.me/ZemenExpress,5064,ለቤትና ለሬስቶራንት አገልግሎት የሚውል ለአጠቃቀም ሆነ ለአያያዝ ቀላልና ምቹ የሆነ እንዲሁም ለፒዛ ፣ ለቡና መቁያነት ፣ ለአንባሻ ፣ ለጨጨብሳ ፣ ለፈጢራ ፣ ለዳቦ ፣ ለጥብስና ለተለያዩ አገልግሎቶች የሚሆን ከ በጥራት የተሻለ አነስተኛ የኤሌክትሪክ ፍጆታ የሚጠቀም ዋጋ፦ 5000 ብር ውስን ፍሬ ነው ያለው አድራሻ ቁ1መገናኛ መሰረት ደፋር ሞል ሁለተኛ ፎቅ ቢሮ ቁ 0506 ቁ2ፒያሳ ጊዮርጊስ አደባባይ ራመትታቦርኦዳህንፃ 1ኛ ፎቅ ሱቅ ቁ 1 107 0902660722 0928460606 ፒያሳ ቅርንጫፍ 0941337070 በ ለማዘዝ ይጠቀሙ ለተጨማሪ ማብራሪያ የቴሌግራም ገፃችን,2024-08-23T06:09:26+00:00,photos\httpstmeZemenExpress_5064jpg
283,Zemen Express®,https://t.me/ZemenExpress,5062,ከአልሙኒየም የተሰራ 12 ስኒ የመያዝ አቅም ያለው በስቶቭ፣ ጋዝ እና ከሰል ላይ የሚጣድ ለቤት እና ለቢሮ ተመራጭ ዋጋ፦ 1450 ብር አድራሻ ቁ1መገናኛ መሰረት ደፋር ሞል ሁለተኛ ፎቅ ቢሮ ቁ 0506 ቁ2ፒያሳ ጊዮርጊስ አደባባይ ራመትታቦርኦዳህንፃ 1ኛ ፎቅ ሱቅ ቁ 1 107 0902660722 0928460606 ፒያሳ ቅርንጫፍ 0941337070 በ ለማዘዝ ይጠቀሙ ለተጨማሪ ማብራሪያ የቴሌግራም ገፃችን,2024-08-22T13:20:57+00:00,photos\httpstmeZemenExpress_5062jpg
284,Zemen Express®,https://t.me/ZemenExpress,5061,ከአልሙኒየም የተሰራ 12 ስኒ የመያዝ አቅም ያለው በስቶቭ፣ ጋዝ እና ከሰል ላይ የሚጣድ ለቤት እና ለቢሮ ተመራጭ ዋጋ፦ 1450 ብር አድራሻ ቁ1መገናኛ መሰረት ደፋር ሞል ሁለተኛ ፎቅ ቢሮ ቁ 0506 ቁ2ፒያሳ ጊዮርጊስ አደባባይ ራመትታቦርኦዳህንፃ 1ኛ ፎቅ ሱቅ ቁ 1 107 0902660722 0928460606 ፒያሳ ቅርንጫፍ 0941337070 በ ለማዘዝ ይጠቀሙ ለተጨማሪ ማብራሪያ የቴሌግራም ገፃችን,2024-08-22T13:20:45+00:00,photos\httpstmeZemenExpress_5061jpg
289,Zemen Express®,https://t.me/ZemenExpress,5056,ስጋ ጨጓራ ሽንኩርት በሰከንዶች ድቅቅ የሚያደርግ 6 3 1500 ዋጋ፦ 4000 ብር ውስን ፍሬ ነው ያለን አድራሻ ቁ1መገናኛ መሰረት ደፋር ሞል ሁለተኛ ፎቅ ቢሮ ቁ 0506 ቁ2ፒያሳ ጊዮርጊስ አደባባይ ራመትታቦርኦዳህንፃ 1ኛ ፎቅ ሱቅ ቁ 1 107 0902660722 0928460606 ፒያሳ ቅርንጫፍ 0941337070 በ ለማዘዝ ይጠቀሙ ለተጨማሪ ማብራሪያ የቴሌግራም ገፃችን,2024-08-22T08:03:27+00:00,photos\httpstmeZemenExpress_5056jpg
290,Zemen Express®,https://t.me/ZemenExpress,5055,ለእግር ልስላሴ ለሚሰነጣጠቅ እግር ድርቀትን የሚያለሰልስ የሚታጠብ በቀን ከ2030 ደቂቃ ብንጠቀመው የእግራችንን ልስላሴ ሙሉ በሙሉ መመለስ ይቻላል ዋጋ፦ 400ብር ውስን ፍሬ ነው ያለው አድራሻ ቁ1መገናኛ መሰረት ደፋር ሞል ሁለተኛ ፎቅ ቢሮ ቁ 0506 ቁ2ፒያሳ ጊዮርጊስ አደባባይ ራመትታቦርኦዳህንፃ 1ኛ ፎቅ ሱቅ ቁ 1 107 0902660722 0928460606 ፒያሳ ቅርንጫፍ 0941337070 በ ለማዘዝ ይጠቀሙ ለተጨማሪ ማብራሪያ የቴሌግራም ገፃችን,2024-08-21T06:41:46+00:00,photos\httpstmeZemenExpress_5055jpg
291,Zemen Express®,https://t.me/ZemenExpress,5054,ለእግር ልስላሴ ለሚሰነጣጠቅ እግር ድርቀትን የሚያለሰልስ የሚታጠብ በቀን ከ2030 ደቂቃ ብንጠቀመው የእግራችንን ልስላሴ ሙሉ በሙሉ መመለስ ይቻላል ዋጋ፦ 400ብር ውስን ፍሬ ነው ያለው አድራሻ ቁ1መገናኛ መሰረት ደፋር ሞል ሁለተኛ ፎቅ ቢሮ ቁ 0506 ቁ2ፒያሳ ጊዮርጊስ አደባባይ ራመትታቦርኦዳህንፃ 1ኛ ፎቅ ሱቅ ቁ 1 107 0902660722 0928460606 ፒያሳ ቅርንጫፍ 0941337070 በ ለማዘዝ ይጠቀሙ ለተጨማሪ ማብራሪያ የቴሌግራም ገፃችን,2024-08-21T06:40:56+00:00,photos\httpstmeZemenExpress_5054bin
295,Zemen Express®,https://t.me/ZemenExpress,5049,ለቤትዎ ለቢሮዎ ለሱቅዎ ልዮ መአዛን የሚያላብስ ዋጋ፦ 350ብር ውስን ፍሬ ነው ያለው አድራሻ ቁ1መገናኛ መሰረት ደፋር ሞል ሁለተኛ ፎቅ ቢሮ ቁ 0506 ቁ2ፒያሳ ጊዮርጊስ አደባባይ ራመትታቦርኦዳህንፃ 1ኛ ፎቅ ሱቅ ቁ 1 107 0902660722 0928460606 ፒያሳ ቅርንጫፍ 0941337070 በ ለማዘዝ ይጠቀሙ ለተጨማሪ ማብራሪያ የቴሌግራም ገፃችን,2024-08-20T12:59:30+00:00,photos\httpstmeZemenExpress_5049jpg
