sender,timestamp,content,media
-1001866685679,2024-08-06T10:13:04+00:00,ታላቅ ቅናሽ በሁሉም ጫማዎቻችን ላይ ለ ቀን የሚቆይ የ20 ቅናሽ ማድረጋችንን ስንገልፅ በደስታ ነው ዛሬዉኑ ይዘዙን ባስቀመጥንልዎ ቀነቀጠሮ በጥራት በፍጥነት እና ቤተሰባዊ በሆነ መስተንግዶ እናደርስልዎታለን እኛን ስለመረጡ እናመሰግናለን ለሱቅ ነጋዴዋች እና ብዛት ተረካቢዎች ባስተያየት እናስረክባለን ጥያቄዎን እና አስተያየቶን ሳንዘገይ እንመልስልዎታለን ለበለጠ መረጃ,./media\photo_768.jpg
-1001866685679,2024-08-06T10:12:52+00:00,ታላቅ ቅናሽ በሁሉም ጫማዎቻችን ላይ ለ ቀን የሚቆይ የ20 ቅናሽ ማድረጋችንን ስንገልፅ በደስታ ነው ዛሬዉኑ ይዘዙን ባስቀመጥንልዎ ቀነቀጠሮ በጥራት በፍጥነት እና ቤተሰባዊ በሆነ መስተንግዶ እናደርስልዎታለን እኛን ስለመረጡ እናመሰግናለን ለሱቅ ነጋዴዋች እና ብዛት ተረካቢዎች ባስተያየት እናስረክባለን ጥያቄዎን እና አስተያየቶን ሳንዘገይ እንመልስልዎታለን ለበለጠ መረጃ,./media\photo_766.jpg
-1001866685679,2024-08-06T10:12:39+00:00,ታላቅ ቅናሽ በሁሉም ጫማዎቻችን ላይ ለ ቀን የሚቆይ የ20 ቅናሽ ማድረጋችንን ስንገልፅ በደስታ ነው ዛሬዉኑ ይዘዙን ባስቀመጥንልዎ ቀነቀጠሮ በጥራት በፍጥነት እና ቤተሰባዊ በሆነ መስተንግዶ እናደርስልዎታለን እኛን ስለመረጡ እናመሰግናለን ለሱቅ ነጋዴዋች እና ብዛት ተረካቢዎች ባስተያየት እናስረክባለን ጥያቄዎን እና አስተያየቶን ሳንዘገይ እንመልስልዎታለን ለበለጠ መረጃ,./media\photo_764.jpg
-1001866685679,2024-08-06T10:12:25+00:00,ታላቅ ቅናሽ በሁሉም ጫማዎቻችን ላይ ለ ቀን የሚቆይ የ20 ቅናሽ ማድረጋችንን ስንገልፅ በደስታ ነው ዛሬዉኑ ይዘዙን ባስቀመጥንልዎ ቀነቀጠሮ በጥራት በፍጥነት እና ቤተሰባዊ በሆነ መስተንግዶ እናደርስልዎታለን እኛን ስለመረጡ እናመሰግናለን ለሱቅ ነጋዴዋች እና ብዛት ተረካቢዎች ባስተያየት እናስረክባለን ጥያቄዎን እና አስተያየቶን ሳንዘገይ እንመልስልዎታለን ለበለጠ መረጃ,./media\photo_762.jpg
-1001866685679,2024-08-06T10:12:19+00:00,ታላቅ ቅናሽ በሁሉም ጫማዎቻችን ላይ ለ ቀን የሚቆይ የ20 ቅናሽ ማድረጋችንን ስንገልፅ በደስታ ነው ዛሬዉኑ ይዘዙን ባስቀመጥንልዎ ቀነቀጠሮ በጥራት በፍጥነት እና ቤተሰባዊ በሆነ መስተንግዶ እናደርስልዎታለን እኛን ስለመረጡ እናመሰግናለን ለሱቅ ነጋዴዋች እና ብዛት ተረካቢዎች ባስተያየት እናስረክባለን ጥያቄዎን እና አስተያየቶን ሳንዘገይ እንመልስልዎታለን ለበለጠ መረጃ,./media\photo_760.jpg
-1001866685679,2024-08-06T09:36:57+00:00,ታላቅ ቅናሽ በሁሉም ጫማዎቻችን ላይ ለ ቀን የሚቆይ የ20 ቅናሽ ማድረጋችንን ስንገልፅ በደስታ ነው ዛሬዉኑ ይዘዙን ባስቀመጥንልዎ ቀነቀጠሮ በጥራት በፍጥነት እና ቤተሰባዊ በሆነ መስተንግዶ እናደርስልዎታለን እኛን ስለመረጡ እናመሰግናለን ለሱቅ ነጋዴዋች እና ብዛት ተረካቢዎች ባስተያየት እናስረክባለን ጥያቄዎን እና አስተያየቶን ሳንዘገይ እንመልስልዎታለን ለበለጠ መረጃ,./media\photo_758.jpg
-1001866685679,2024-08-06T09:36:54+00:00,ታላቅ ቅናሽ በሁሉም ጫማዎቻችን ላይ ለ ቀን የሚቆይ የ20 ቅናሽ ማድረጋችንን ስንገልፅ በደስታ ነው ዛሬዉኑ ይዘዙን ባስቀመጥንልዎ ቀነቀጠሮ በጥራት በፍጥነት እና ቤተሰባዊ በሆነ መስተንግዶ እናደርስልዎታለን እኛን ስለመረጡ እናመሰግናለን ለሱቅ ነጋዴዋች እና ብዛት ተረካቢዎች ባስተያየት እናስረክባለን ጥያቄዎን እና አስተያየቶን ሳንዘገይ እንመልስልዎታለን ለበለጠ መረጃ,./media\photo_756.jpg
-1001866685679,2024-07-30T07:19:12+00:00,ታላቅ ቅናሽ በሁሉም ጫማዎቻችን ላይ ለ ቀን የሚቆይ የ20 ቅናሽ ማድረጋችንን ስንገልፅ በደስታ ነው ዛሬዉኑ ይዘዙን ባስቀመጥንልዎ ቀነቀጠሮ በጥራት በፍጥነት እና ቤተሰባዊ በሆነ መስተንግዶ እናደርስልዎታለን እኛን ስለመረጡ እናመሰግናለን ለሱቅ ነጋዴዋች እና ብዛት ተረካቢዎች ባስተያየት እናስረክባለን ጥያቄዎን እና አስተያየቶን ሳንዘገይ እንመልስልዎታለን ለበለጠ መረጃ,./media\photo_754.jpg
-1001866685679,2024-07-30T07:18:20+00:00,ታላቅ ቅናሽ በሁሉም ጫማዎቻችን ላይ ለ ቀን የሚቆይ የ20 ቅናሽ ማድረጋችንን ስንገልፅ በደስታ ነው ዛሬዉኑ ይዘዙን ባስቀመጥንልዎ ቀነቀጠሮ በጥራት በፍጥነት እና ቤተሰባዊ በሆነ መስተንግዶ እናደርስልዎታለን እኛን ስለመረጡ እናመሰግናለን ለሱቅ ነጋዴዋች እና ብዛት ተረካቢዎች ባስተያየት እናስረክባለን ጥያቄዎን እና አስተያየቶን ሳንዘገይ እንመልስልዎታለን ለበለጠ መረጃ,./media\photo_752.jpg
-1001866685679,2024-07-30T07:17:43+00:00,ታላቅ ቅናሽ በሁሉም ጫማዎቻችን ላይ ለ ቀን የሚቆይ የ20 ቅናሽ ማድረጋችንን ስንገልፅ በደስታ ነው ዛሬዉኑ ይዘዙን ባስቀመጥንልዎ ቀነቀጠሮ በጥራት በፍጥነት እና ቤተሰባዊ በሆነ መስተንግዶ እናደርስልዎታለን እኛን ስለመረጡ እናመሰግናለን ለሱቅ ነጋዴዋች እና ብዛት ተረካቢዎች ባስተያየት እናስረክባለን ጥያቄዎን እና አስተያየቶን ሳንዘገይ እንመልስልዎታለን ለበለጠ መረጃ,./media\photo_750.jpg
-1001866685679,2024-07-30T07:17:00+00:00,ታላቅ ቅናሽ በሁሉም ጫማዎቻችን ላይ ለ ቀን የሚቆይ የ20 ቅናሽ ማድረጋችንን ስንገልፅ በደስታ ነው ዛሬዉኑ ይዘዙን ባስቀመጥንልዎ ቀነቀጠሮ በጥራት በፍጥነት እና ቤተሰባዊ በሆነ መስተንግዶ እናደርስልዎታለን እኛን ስለመረጡ እናመሰግናለን ለሱቅ ነጋዴዋች እና ብዛት ተረካቢዎች ባስተያየት እናስረክባለን ጥያቄዎን እና አስተያየቶን ሳንዘገይ እንመልስልዎታለን ለበለጠ መረጃ,./media\photo_748.jpg
-1001866685679,2024-07-30T07:16:43+00:00,ታላቅ ቅናሽ በሁሉም ጫማዎቻችን ላይ ለ ቀን የሚቆይ የ20 ቅናሽ ማድረጋችንን ስንገልፅ በደስታ ነው ዛሬዉኑ ይዘዙን ባስቀመጥንልዎ ቀነቀጠሮ በጥራት በፍጥነት እና ቤተሰባዊ በሆነ መስተንግዶ እናደርስልዎታለን እኛን ስለመረጡ እናመሰግናለን ለሱቅ ነጋዴዋች እና ብዛት ተረካቢዎች ባስተያየት እናስረክባለን ጥያቄዎን እና አስተያየቶን ሳንዘገይ እንመልስልዎታለን ለበለጠ መረጃ,./media\photo_746.jpg
-1001866685679,2024-07-29T19:18:40+00:00,ታላቅ ቅናሽ በሁሉም ጫማዎቻችን ላይ ለ ቀን የሚቆይ የ20 ቅናሽ ማድረጋችንን ስንገልፅ በደስታ ነው ዛሬዉኑ ይዘዙን ባስቀመጥንልዎ ቀነቀጠሮ በጥራት በፍጥነት እና ቤተሰባዊ በሆነ መስተንግዶ እናደርስልዎታለን እኛን ስለመረጡ እናመሰግናለን ለሱቅ ነጋዴዋች እና ብዛት ተረካቢዎች ባስተያየት እናስረክባለን ጥያቄዎን እና አስተያየቶን ሳንዘገይ እንመልስልዎታለን ለበለጠ መረጃ,./media\photo_744.jpg
-1001866685679,2024-07-29T19:18:40+00:00,ታላቅ ቅናሽ በሁሉም ጫማዎቻችን ላይ ለ ቀን የሚቆይ የ20 ቅናሽ ማድረጋችንን ስንገልፅ በደስታ ነው ዛሬዉኑ ይዘዙን ባስቀመጥንልዎ ቀነቀጠሮ በጥራት በፍጥነት እና ቤተሰባዊ በሆነ መስተንግዶ እናደርስልዎታለን እኛን ስለመረጡ እናመሰግናለን ለሱቅ ነጋዴዋች እና ብዛት ተረካቢዎች ባስተያየት እናስረክባለን ጥያቄዎን እና አስተያየቶን ሳንዘገይ እንመልስልዎታለን ለበለጠ መረጃ,./media\photo_742.jpg
-1001866685679,2024-07-29T19:02:06+00:00,ታላቅ ቅናሽ በሁሉም ጫማዎቻችን ላይ ለ ቀን የሚቆይ የ20 ቅናሽ ማድረጋችንን ስንገልፅ በደስታ ነው ዛሬዉኑ ይዘዙን ባስቀመጥንልዎ ቀነቀጠሮ በጥራት በፍጥነት እና ቤተሰባዊ በሆነ መስተንግዶ እናደርስልዎታለን እኛን ስለመረጡ እናመሰግናለን ለሱቅ ነጋዴዋች እና ብዛት ተረካቢዎች ባስተያየት እናስረክባለን ጥያቄዎን እና አስተያየቶን ሳንዘገይ እንመልስልዎታለን ለበለጠ መረጃ,./media\photo_740.jpg
-1001866685679,2024-07-29T18:17:25+00:00,ታላቅ ቅናሽ በሁሉም ጫማዎቻችን ላይ ለ ቀን የሚቆይ የ20 ቅናሽ ማድረጋችንን ስንገልፅ በደስታ ነው ዛሬዉኑ ይዘዙን ባስቀመጥንልዎ ቀነቀጠሮ በጥራት በፍጥነት እና ቤተሰባዊ በሆነ መስተንግዶ እናደርስልዎታለን እኛን ስለመረጡ እናመሰግናለን ለሱቅ ነጋዴዋች እና ብዛት ተረካቢዎች ባስተያየት እናስረክባለን ጥያቄዎን እና አስተያየቶን ሳንዘገይ እንመልስልዎታለን ለበለጠ መረጃ,./media\photo_738.jpg
-1001866685679,2024-07-29T18:14:54+00:00,ታላቅ ቅናሽ በሁሉም ጫማዎቻችን ላይ ለ ቀን የሚቆይ የ20 ቅናሽ ማድረጋችንን ስንገልፅ በደስታ ነው ዛሬዉኑ ይዘዙን ባስቀመጥንልዎ ቀነቀጠሮ በጥራት በፍጥነት እና ቤተሰባዊ በሆነ መስተንግዶ እናደርስልዎታለን እኛን ስለመረጡ እናመሰግናለን ለሱቅ ነጋዴዋች እና ብዛት ተረካቢዎች ባስተያየት እናስረክባለን ጥያቄዎን እና አስተያየቶን ሳንዘገይ እንመልስልዎታለን ለበለጠ መረጃ,./media\photo_736.jpg
-1001866685679,2024-07-29T18:14:52+00:00,ታላቅ ቅናሽ በሁሉም ጫማዎቻችን ላይ ለ ቀን የሚቆይ የ20 ቅናሽ ማድረጋችንን ስንገልፅ በደስታ ነው ዛሬዉኑ ይዘዙን ባስቀመጥንልዎ ቀነቀጠሮ በጥራት በፍጥነት እና ቤተሰባዊ በሆነ መስተንግዶ እናደርስልዎታለን እኛን ስለመረጡ እናመሰግናለን ለሱቅ ነጋዴዋች እና ብዛት ተረካቢዎች ባስተያየት እናስረክባለን ጥያቄዎን እና አስተያየቶን ሳንዘገይ እንመልስልዎታለን ለበለጠ መረጃ,./media\photo_734.jpg
-1001866685679,2024-07-29T18:10:12+00:00,ታላቅ ቅናሽ በሁሉም ጫማዎቻችን ላይ ለ ቀን የሚቆይ የ20 ቅናሽ ማድረጋችንን ስንገልፅ በደስታ ነው ዛሬዉኑ ይዘዙን ባስቀመጥንልዎ ቀነቀጠሮ በጥራት በፍጥነት እና ቤተሰባዊ በሆነ መስተንግዶ እናደርስልዎታለን እኛን ስለመረጡ እናመሰግናለን ለሱቅ ነጋዴዋች እና ብዛት ተረካቢዎች ባስተያየት እናስረክባለን ጥያቄዎን እና አስተያየቶን ሳንዘገይ እንመልስልዎታለን ለበለጠ መረጃ,./media\photo_730.jpg
-1001866685679,2024-07-29T18:08:57+00:00,ታላቅ ቅናሽ በሁሉም ጫማዎቻችን ላይ ለ ቀን የሚቆይ የ20 ቅናሽ ማድረጋችንን ስንገልፅ በደስታ ነው ዛሬዉኑ ይዘዙን ባስቀመጥንልዎ ቀነቀጠሮ በጥራት በፍጥነት እና ቤተሰባዊ በሆነ መስተንግዶ እናደርስልዎታለን እኛን ስለመረጡ እናመሰግናለን ለሱቅ ነጋዴዋች እና ብዛት ተረካቢዎች ባስተያየት እናስረክባለን ጥያቄዎን እና አስተያየቶን ሳንዘገይ እንመልስልዎታለን ለበለጠ መረጃ,./media\photo_728.jpg
-1001866685679,2024-07-29T18:07:44+00:00,ታላቅ ቅናሽ በሁሉም ጫማዎቻችን ላይ ለ ቀን የሚቆይ የ20 ቅናሽ ማድረጋችንን ስንገልፅ በደስታ ነው ዛሬዉኑ ይዘዙን ባስቀመጥንልዎ ቀነቀጠሮ በጥራት በፍጥነት እና ቤተሰባዊ በሆነ መስተንግዶ እናደርስልዎታለን እኛን ስለመረጡ እናመሰግናለን ለሱቅ ነጋዴዋች እና ብዛት ተረካቢዎች ባስተያየት እናስረክባለን ጥያቄዎን እና አስተያየቶን ሳንዘገይ እንመልስልዎታለን ለበለጠ መረጃ,./media\photo_726.jpg
-1001866685679,2024-07-29T18:07:08+00:00,ታላቅ ቅናሽ በሁሉም ጫማዎቻችን ላይ ለ ቀን የሚቆይ የ20 ቅናሽ ማድረጋችንን ስንገልፅ በደስታ ነው ዛሬዉኑ ይዘዙን ባስቀመጥንልዎ ቀነቀጠሮ በጥራት በፍጥነት እና ቤተሰባዊ በሆነ መስተንግዶ እናደርስልዎታለን እኛን ስለመረጡ እናመሰግናለን ለሱቅ ነጋዴዋች እና ብዛት ተረካቢዎች ባስተያየት እናስረክባለን ጥያቄዎን እና አስተያየቶን ሳንዘገይ እንመልስልዎታለን ለበለጠ መረጃ,./media\photo_724.jpg
-1001866685679,2024-07-19T07:50:29+00:00,ታላቅ ቅናሽ በሁሉም ጫማዎቻችን ላይ ለ ቀን የሚቆይ የ20 ቅናሽ ማድረጋችንን ስንገልፅ በደስታ ነው ዛሬዉኑ ይዘዙን ባስቀመጥንልዎ ቀነቀጠሮ በጥራት በፍጥነት እና ቤተሰባዊ በሆነ መስተንግዶ እናደርስልዎታለን እኛን ስለመረጡ እናመሰግናለን ለሱቅ ነጋዴዋች እና ብዛት ተረካቢዎች ባስተያየት እናስረክባለን ጥያቄዎን እና አስተያየቶን ሳንዘገይ እንመልስልዎታለን ለበለጠ መረጃ,./media\photo_719.jpg
-1001866685679,2024-07-19T07:39:45+00:00,ታላቅ ቅናሽ በሁሉም ጫማዎቻችን ላይ ለ ቀን የሚቆይ የ20 ቅናሽ ማድረጋችንን ስንገልፅ በደስታ ነው ዛሬዉኑ ይዘዙን ባስቀመጥንልዎ ቀነቀጠሮ በጥራት በፍጥነት እና ቤተሰባዊ በሆነ መስተንግዶ እናደርስልዎታለን እኛን ስለመረጡ እናመሰግናለን ለሱቅ ነጋዴዋች እና ብዛት ተረካቢዎች ባስተያየት እናስረክባለን ጥያቄዎን እና አስተያየቶን ሳንዘገይ እንመልስልዎታለን ለበለጠ መረጃ,./media\photo_716.jpg
-1001866685679,2024-07-17T19:22:32+00:00,ታላቅ ቅናሽ በሁሉም ጫማዎቻችን ላይ ለ ቀን የሚቆይ የ20 ቅናሽ ማድረጋችንን ስንገልፅ በደስታ ነው ዛሬዉኑ ይዘዙን ባስቀመጥንልዎ ቀነቀጠሮ በጥራት በፍጥነት እና ቤተሰባዊ በሆነ መስተንግዶ እናደርስልዎታለን እኛን ስለመረጡ እናመሰግናለን ለሱቅ ነጋዴዋች እና ብዛት ተረካቢዎች ባስተያየት እናስረክባለን ጥያቄዎን እና አስተያየቶን ሳንዘገይ እንመልስልዎታለን ለበለጠ መረጃ,./media\photo_714.jpg
-1001866685679,2024-07-08T09:46:42+00:00,ታላቅ ቅናሽ በሁሉም ጫማዎቻችን ላይ ለ ቀን የሚቆይ የ20 ቅናሽ ማድረጋችንን ስንገልፅ በደስታ ነው ዛሬዉኑ ይዘዙን ባስቀመጥንልዎ ቀነቀጠሮ በጥራት በፍጥነት እና ቤተሰባዊ በሆነ መስተንግዶ እናደርስልዎታለን እኛን ስለመረጡ እናመሰግናለን ለሱቅ ነጋዴዋች እና ብዛት ተረካቢዎች ባስተያየት እናስረክባለን ጥያቄዎን እና አስተያየቶን ሳንዘገይ እንመልስልዎታለን ለበለጠ መረጃ,./media\photo_711.jpg
-1001866685679,2024-07-08T09:41:57+00:00,ታላቅ ቅናሽ በሁሉም ጫማዎቻችን ላይ ለ ቀን የሚቆይ የ20 ቅናሽ ማድረጋችንን ስንገልፅ በደስታ ነው ዛሬዉኑ ይዘዙን ባስቀመጥንልዎ ቀነቀጠሮ በጥራት በፍጥነት እና ቤተሰባዊ በሆነ መስተንግዶ እናደርስልዎታለን እኛን ስለመረጡ እናመሰግናለን ለሱቅ ነጋዴዋች እና ብዛት ተረካቢዎች ባስተያየት እናስረክባለን ጥያቄዎን እና አስተያየቶን ሳንዘገይ እንመልስልዎታለን ለበለጠ መረጃ,./media\photo_709.jpg
-1001866685679,2024-07-03T07:08:18+00:00,ታላቅ ቅናሽ በሁሉም ጫማዎቻችን ላይ ለ ቀን የሚቆይ የ20 ቅናሽ ማድረጋችንን ስንገልፅ በደስታ ነው ዛሬዉኑ ይዘዙን ባስቀመጥንልዎ ቀነቀጠሮ በጥራት በፍጥነት እና ቤተሰባዊ በሆነ መስተንግዶ እናደርስልዎታለን እኛን ስለመረጡ እናመሰግናለን ለሱቅ ነጋዴዋች እና ብዛት ተረካቢዎች ባስተያየት እናስረክባለን ጥያቄዎን እና አስተያየቶን ሳንዘገይ እንመልስልዎታለን ለበለጠ መረጃ,./media\photo_707.jpg
-1001866685679,2024-07-03T07:06:29+00:00,ታላቅ ቅናሽ በሁሉም ጫማዎቻችን ላይ ለ ቀን የሚቆይ የ20 ቅናሽ ማድረጋችንን ስንገልፅ በደስታ ነው ዛሬዉኑ ይዘዙን ባስቀመጥንልዎ ቀነቀጠሮ በጥራት በፍጥነት እና ቤተሰባዊ በሆነ መስተንግዶ እናደርስልዎታለን እኛን ስለመረጡ እናመሰግናለን ለሱቅ ነጋዴዋች እና ብዛት ተረካቢዎች ባስተያየት እናስረክባለን ጥያቄዎን እና አስተያየቶን ሳንዘገይ እንመልስልዎታለን ለበለጠ መረጃ,./media\photo_705.jpg
-1001866685679,2024-07-03T07:03:26+00:00,ታላቅ ቅናሽ በሁሉም ጫማዎቻችን ላይ ለ ቀን የሚቆይ የ20 ቅናሽ ማድረጋችንን ስንገልፅ በደስታ ነው ዛሬዉኑ ይዘዙን ባስቀመጥንልዎ ቀነቀጠሮ በጥራት በፍጥነት እና ቤተሰባዊ በሆነ መስተንግዶ እናደርስልዎታለን እኛን ስለመረጡ እናመሰግናለን ለሱቅ ነጋዴዋች እና ብዛት ተረካቢዎች ባስተያየት እናስረክባለን ጥያቄዎን እና አስተያየቶን ሳንዘገይ እንመልስልዎታለን ለበለጠ መረጃ,./media\photo_701.jpg
-1001866685679,2024-06-26T07:32:42+00:00,ታላቅ ቅናሽ በሁሉም ጫማዎቻችን ላይ ለ ቀን የሚቆይ የ20 ቅናሽ ማድረጋችንን ስንገልፅ በደስታ ነው ዛሬዉኑ ይዘዙን ባስቀመጥንልዎ ቀነቀጠሮ በጥራት በፍጥነት እና ቤተሰባዊ በሆነ መስተንግዶ እናደርስልዎታለን እኛን ስለመረጡ እናመሰግናለን ለሱቅ ነጋዴዋች እና ብዛት ተረካቢዎች ባስተያየት እናስረክባለን ጥያቄዎን እና አስተያየቶን ሳንዘገይ እንመልስልዎታለን ለበለጠ መረጃ,./media\photo_699.jpg
-1001866685679,2024-06-26T07:31:29+00:00,ታላቅ ቅናሽ በሁሉም ጫማዎቻችን ላይ ለ ቀን የሚቆይ የ20 ቅናሽ ማድረጋችንን ስንገልፅ በደስታ ነው ዛሬዉኑ ይዘዙን ባስቀመጥንልዎ ቀነቀጠሮ በጥራት በፍጥነት እና ቤተሰባዊ በሆነ መስተንግዶ እናደርስልዎታለን እኛን ስለመረጡ እናመሰግናለን ለሱቅ ነጋዴዋች እና ብዛት ተረካቢዎች ባስተያየት እናስረክባለን ጥያቄዎን እና አስተያየቶን ሳንዘገይ እንመልስልዎታለን ለበለጠ መረጃ,./media\photo_697.jpg
-1001866685679,2024-06-25T09:17:17+00:00,ታላቅ ቅናሽ በሁሉም ጫማዎቻችን ላይ ለ ቀን የሚቆይ የ20 ቅናሽ ማድረጋችንን ስንገልፅ በደስታ ነው ዛሬዉኑ ይዘዙን ባስቀመጥንልዎ ቀነቀጠሮ በጥራት በፍጥነት እና ቤተሰባዊ በሆነ መስተንግዶ እናደርስልዎታለን እኛን ስለመረጡ እናመሰግናለን ለሱቅ ነጋዴዋች እና ብዛት ተረካቢዎች ባስተያየት እናስረክባለን ጥያቄዎን እና አስተያየቶን ሳንዘገይ እንመልስልዎታለን ለበለጠ መረጃ,./media\photo_695.jpg
-1001866685679,2024-06-25T09:11:57+00:00,ታላቅ ቅናሽ በሁሉም ጫማዎቻችን ላይ ለ ቀን የሚቆይ የ20 ቅናሽ ማድረጋችንን ስንገልፅ በደስታ ነው ዛሬዉኑ ይዘዙን ባስቀመጥንልዎ ቀነቀጠሮ በጥራት በፍጥነት እና ቤተሰባዊ በሆነ መስተንግዶ እናደርስልዎታለን እኛን ስለመረጡ እናመሰግናለን ለሱቅ ነጋዴዋች እና ብዛት ተረካቢዎች ባስተያየት እናስረክባለን ጥያቄዎን እና አስተያየቶን ሳንዘገይ እንመልስልዎታለን ለበለጠ መረጃ,./media\photo_693.jpg
-1001866685679,2024-06-23T09:24:41+00:00,ታላቅ ቅናሽ በሁሉም ጫማዎቻችን ላይ ለ ቀን የሚቆይ የ20 ቅናሽ ማድረጋችንን ስንገልፅ በደስታ ነው ዛሬዉኑ ይዘዙን ባስቀመጥንልዎ ቀነቀጠሮ በጥራት በፍጥነት እና ቤተሰባዊ በሆነ መስተንግዶ እናደርስልዎታለን እኛን ስለመረጡ እናመሰግናለን ለሱቅ ነጋዴዋች እና ብዛት ተረካቢዎች ባስተያየት እናስረክባለን ጥያቄዎን እና አስተያየቶን ሳንዘገይ እንመልስልዎታለን ለበለጠ መረጃ,./media\photo_691.jpg
-1001866685679,2024-06-23T09:22:52+00:00,ታላቅ ቅናሽ በሁሉም ጫማዎቻችን ላይ ለ ቀን የሚቆይ የ20 ቅናሽ ማድረጋችንን ስንገልፅ በደስታ ነው ዛሬዉኑ ይዘዙን ባስቀመጥንልዎ ቀነቀጠሮ በጥራት በፍጥነት እና ቤተሰባዊ በሆነ መስተንግዶ እናደርስልዎታለን እኛን ስለመረጡ እናመሰግናለን ለሱቅ ነጋዴዋች እና ብዛት ተረካቢዎች ባስተያየት እናስረክባለን ጥያቄዎን እና አስተያየቶን ሳንዘገይ እንመልስልዎታለን ለበለጠ መረጃ,./media\photo_689.jpg
-1001866685679,2024-06-21T17:09:28+00:00,ታላቅ ቅናሽ በሁሉም ጫማዎቻችን ላይ ለ ቀን የሚቆይ የ20 ቅናሽ ማድረጋችንን ስንገልፅ በደስታ ነው ዛሬዉኑ ይዘዙን ባስቀመጥንልዎ ቀነቀጠሮ በጥራት በፍጥነት እና ቤተሰባዊ በሆነ መስተንግዶ እናደርስልዎታለን እኛን ስለመረጡ እናመሰግናለን ለሱቅ ነጋዴዋች እና ብዛት ተረካቢዎች ባስተያየት እናስረክባለን ጥያቄዎን እና አስተያየቶን ሳንዘገይ እንመልስልዎታለን ለበለጠ መረጃ,./media\photo_687.jpg
-1001866685679,2024-06-21T17:07:43+00:00,ታላቅ ቅናሽ በሁሉም ጫማዎቻችን ላይ ለ ቀን የሚቆይ የ20 ቅናሽ ማድረጋችንን ስንገልፅ በደስታ ነው ዛሬዉኑ ይዘዙን ባስቀመጥንልዎ ቀነቀጠሮ በጥራት በፍጥነት እና ቤተሰባዊ በሆነ መስተንግዶ እናደርስልዎታለን እኛን ስለመረጡ እናመሰግናለን ለሱቅ ነጋዴዋች እና ብዛት ተረካቢዎች ባስተያየት እናስረክባለን ጥያቄዎን እና አስተያየቶን ሳንዘገይ እንመልስልዎታለን ለበለጠ መረጃ,./media\photo_685.jpg
-1001866685679,2024-06-21T17:04:46+00:00,ታላቅ ቅናሽ በሁሉም ጫማዎቻችን ላይ ለ ቀን የሚቆይ የ20 ቅናሽ ማድረጋችንን ስንገልፅ በደስታ ነው ዛሬዉኑ ይዘዙን ባስቀመጥንልዎ ቀነቀጠሮ በጥራት በፍጥነት እና ቤተሰባዊ በሆነ መስተንግዶ እናደርስልዎታለን እኛን ስለመረጡ እናመሰግናለን ለሱቅ ነጋዴዋች እና ብዛት ተረካቢዎች ባስተያየት እናስረክባለን ጥያቄዎን እና አስተያየቶን ሳንዘገይ እንመልስልዎታለን ለበለጠ መረጃ,./media\photo_683.jpg
-1001866685679,2024-06-21T17:00:23+00:00,ታላቅ ቅናሽ በሁሉም ጫማዎቻችን ላይ ለ ቀን የሚቆይ የ20 ቅናሽ ማድረጋችንን ስንገልፅ በደስታ ነው ዛሬዉኑ ይዘዙን ባስቀመጥንልዎ ቀነቀጠሮ በጥራት በፍጥነት እና ቤተሰባዊ በሆነ መስተንግዶ እናደርስልዎታለን እኛን ስለመረጡ እናመሰግናለን ለሱቅ ነጋዴዋች እና ብዛት ተረካቢዎች ባስተያየት እናስረክባለን ጥያቄዎን እና አስተያየቶን ሳንዘገይ እንመልስልዎታለን ለበለጠ መረጃ,./media\photo_681.jpg
-1001866685679,2024-06-21T17:00:23+00:00,ታላቅ ቅናሽ በሁሉም ጫማዎቻችን ላይ ለ ቀን የሚቆይ የ20 ቅናሽ ማድረጋችንን ስንገልፅ በደስታ ነው ዛሬዉኑ ይዘዙን ባስቀመጥንልዎ ቀነቀጠሮ በጥራት በፍጥነት እና ቤተሰባዊ በሆነ መስተንግዶ እናደርስልዎታለን እኛን ስለመረጡ እናመሰግናለን ለሱቅ ነጋዴዋች እና ብዛት ተረካቢዎች ባስተያየት እናስረክባለን ጥያቄዎን እና አስተያየቶን ሳንዘገይ እንመልስልዎታለን ለበለጠ መረጃ,./media\photo_679.jpg
-1001866685679,2024-06-21T12:00:12+00:00,ታላቅ ቅናሽ በሁሉም ጫማዎቻችን ላይ ለ ቀን የሚቆይ የ20 ቅናሽ ማድረጋችንን ስንገልፅ በደስታ ነው ዛሬዉኑ ይዘዙን ባስቀመጥንልዎ ቀነቀጠሮ በጥራት በፍጥነት እና ቤተሰባዊ በሆነ መስተንግዶ እናደርስልዎታለን እኛን ስለመረጡ እናመሰግናለን ለሱቅ ነጋዴዋች እና ብዛት ተረካቢዎች ባስተያየት እናስረክባለን ጥያቄዎን እና አስተያየቶን ሳንዘገይ እንመልስልዎታለን ለበለጠ መረጃ,./media\photo_677.jpg
-1001866685679,2024-06-21T11:59:09+00:00,ታላቅ ቅናሽ በሁሉም ጫማዎቻችን ላይ ለ ቀን የሚቆይ የ20 ቅናሽ ማድረጋችንን ስንገልፅ በደስታ ነው ዛሬዉኑ ይዘዙን ባስቀመጥንልዎ ቀነቀጠሮ በጥራት በፍጥነት እና ቤተሰባዊ በሆነ መስተንግዶ እናደርስልዎታለን እኛን ስለመረጡ እናመሰግናለን ለሱቅ ነጋዴዋች እና ብዛት ተረካቢዎች ባስተያየት እናስረክባለን ጥያቄዎን እና አስተያየቶን ሳንዘገይ እንመልስልዎታለን ለበለጠ መረጃ,./media\photo_675.jpg
-1001866685679,2024-06-21T11:57:16+00:00,ታላቅ ቅናሽ በሁሉም ጫማዎቻችን ላይ ለ ቀን የሚቆይ የ20 ቅናሽ ማድረጋችንን ስንገልፅ በደስታ ነው ዛሬዉኑ ይዘዙን ባስቀመጥንልዎ ቀነቀጠሮ በጥራት በፍጥነት እና ቤተሰባዊ በሆነ መስተንግዶ እናደርስልዎታለን እኛን ስለመረጡ እናመሰግናለን ለሱቅ ነጋዴዋች እና ብዛት ተረካቢዎች ባስተያየት እናስረክባለን ጥያቄዎን እና አስተያየቶን ሳንዘገይ እንመልስልዎታለን ለበለጠ መረጃ,./media\photo_673.jpg
-1001866685679,2024-06-20T08:34:22+00:00,ታላቅ ቅናሽ በሁሉም ጫማዎቻችን ላይ ለ ቀን የሚቆይ የ20 ቅናሽ ማድረጋችንን ስንገልፅ በደስታ ነው ዛሬዉኑ ይዘዙን ባስቀመጥንልዎ ቀነቀጠሮ በጥራት በፍጥነት እና ቤተሰባዊ በሆነ መስተንግዶ እናደርስልዎታለን እኛን ስለመረጡ እናመሰግናለን ለሱቅ ነጋዴዋች እና ብዛት ተረካቢዎች ባስተያየት እናስረክባለን ጥያቄዎን እና አስተያየቶን ሳንዘገይ እንመልስልዎታለን ለበለጠ መረጃ,./media\photo_671.jpg
-1001866685679,2024-06-20T08:30:38+00:00,ታላቅ ቅናሽ በሁሉም ጫማዎቻችን ላይ ለ ቀን የሚቆይ የ20 ቅናሽ ማድረጋችንን ስንገልፅ በደስታ ነው ዛሬዉኑ ይዘዙን ባስቀመጥንልዎ ቀነቀጠሮ በጥራት በፍጥነት እና ቤተሰባዊ በሆነ መስተንግዶ እናደርስልዎታለን እኛን ስለመረጡ እናመሰግናለን ለሱቅ ነጋዴዋች እና ብዛት ተረካቢዎች ባስተያየት እናስረክባለን ጥያቄዎን እና አስተያየቶን ሳንዘገይ እንመልስልዎታለን ለበለጠ መረጃ,./media\photo_669.jpg
-1001866685679,2024-06-20T08:28:21+00:00,ታላቅ ቅናሽ በሁሉም ጫማዎቻችን ላይ ለ ቀን የሚቆይ የ20 ቅናሽ ማድረጋችንን ስንገልፅ በደስታ ነው ዛሬዉኑ ይዘዙን ባስቀመጥንልዎ ቀነቀጠሮ በጥራት በፍጥነት እና ቤተሰባዊ በሆነ መስተንግዶ እናደርስልዎታለን እኛን ስለመረጡ እናመሰግናለን ለሱቅ ነጋዴዋች እና ብዛት ተረካቢዎች ባስተያየት እናስረክባለን ጥያቄዎን እና አስተያየቶን ሳንዘገይ እንመልስልዎታለን ለበለጠ መረጃ,./media\photo_667.jpg
-1001866685679,2024-05-26T17:51:19+00:00,ታላቅ ቅናሽ በሁሉም ጫማዎቻችን ላይ ለ ቀን የሚቆይ የ20 ቅናሽ ማድረጋችንን ስንገልፅ በደስታ ነው ዛሬዉኑ ይዘዙን ባስቀመጥንልዎ ቀነቀጠሮ በጥራት በፍጥነት እና ቤተሰባዊ በሆነ መስተንግዶ እናደርስልዎታለን እኛን ስለመረጡ እናመሰግናለን ለሱቅ ነጋዴዋች እና ብዛት ተረካቢዎች ባስተያየት እናስረክባለን ጥያቄዎን እና አስተያየቶን ሳንዘገይ እንመልስልዎታለን ለበለጠ መረጃ,./media\photo_663.jpg
-1001866685679,2024-05-26T17:50:27+00:00,ታላቅ ቅናሽ በሁሉም ጫማዎቻችን ላይ ለ ቀን የሚቆይ የ20 ቅናሽ ማድረጋችንን ስንገልፅ በደስታ ነው ዛሬዉኑ ይዘዙን ባስቀመጥንልዎ ቀነቀጠሮ በጥራት በፍጥነት እና ቤተሰባዊ በሆነ መስተንግዶ እናደርስልዎታለን እኛን ስለመረጡ እናመሰግናለን ለሱቅ ነጋዴዋች እና ብዛት ተረካቢዎች ባስተያየት እናስረክባለን ጥያቄዎን እና አስተያየቶን ሳንዘገይ እንመልስልዎታለን ለበለጠ መረጃ,./media\photo_661.jpg
-1001866685679,2024-05-26T17:47:06+00:00,ታላቅ ቅናሽ በሁሉም ጫማዎቻችን ላይ ለ ቀን የሚቆይ የ20 ቅናሽ ማድረጋችንን ስንገልፅ በደስታ ነው ዛሬዉኑ ይዘዙን ባስቀመጥንልዎ ቀነቀጠሮ በጥራት በፍጥነት እና ቤተሰባዊ በሆነ መስተንግዶ እናደርስልዎታለን እኛን ስለመረጡ እናመሰግናለን ለሱቅ ነጋዴዋች እና ብዛት ተረካቢዎች ባስተያየት እናስረክባለን ጥያቄዎን እና አስተያየቶን ሳንዘገይ እንመልስልዎታለን ለበለጠ መረጃ,./media\photo_659.jpg
-1001866685679,2024-05-26T17:47:06+00:00,ታላቅ ቅናሽ በሁሉም ጫማዎቻችን ላይ ለ ቀን የሚቆይ የ20 ቅናሽ ማድረጋችንን ስንገልፅ በደስታ ነው ዛሬዉኑ ይዘዙን ባስቀመጥንልዎ ቀነቀጠሮ በጥራት በፍጥነት እና ቤተሰባዊ በሆነ መስተንግዶ እናደርስልዎታለን እኛን ስለመረጡ እናመሰግናለን ለሱቅ ነጋዴዋች እና ብዛት ተረካቢዎች ባስተያየት እናስረክባለን ጥያቄዎን እና አስተያየቶን ሳንዘገይ እንመልስልዎታለን ለበለጠ መረጃ,./media\photo_657.jpg
-1001866685679,2024-05-26T17:44:46+00:00,ታላቅ ቅናሽ በሁሉም ጫማዎቻችን ላይ ለ ቀን የሚቆይ የ20 ቅናሽ ማድረጋችንን ስንገልፅ በደስታ ነው ዛሬዉኑ ይዘዙን ባስቀመጥንልዎ ቀነቀጠሮ በጥራት በፍጥነት እና ቤተሰባዊ በሆነ መስተንግዶ እናደርስልዎታለን እኛን ስለመረጡ እናመሰግናለን ለሱቅ ነጋዴዋች እና ብዛት ተረካቢዎች ባስተያየት እናስረክባለን ጥያቄዎን እና አስተያየቶን ሳንዘገይ እንመልስልዎታለን ለበለጠ መረጃ,./media\photo_655.jpg
-1001866685679,2024-05-26T17:42:28+00:00,ታላቅ ቅናሽ በሁሉም ጫማዎቻችን ላይ ለ ቀን የሚቆይ የ20 ቅናሽ ማድረጋችንን ስንገልፅ በደስታ ነው ዛሬዉኑ ይዘዙን ባስቀመጥንልዎ ቀነቀጠሮ በጥራት በፍጥነት እና ቤተሰባዊ በሆነ መስተንግዶ እናደርስልዎታለን እኛን ስለመረጡ እናመሰግናለን ለሱቅ ነጋዴዋች እና ብዛት ተረካቢዎች ባስተያየት እናስረክባለን ጥያቄዎን እና አስተያየቶን ሳንዘገይ እንመልስልዎታለን ለበለጠ መረጃ,./media\photo_653.jpg
-1001866685679,2024-05-26T17:41:36+00:00,ታላቅ ቅናሽ በሁሉም ጫማዎቻችን ላይ ለ ቀን የሚቆይ የ20 ቅናሽ ማድረጋችንን ስንገልፅ በደስታ ነው ዛሬዉኑ ይዘዙን ባስቀመጥንልዎ ቀነቀጠሮ በጥራት በፍጥነት እና ቤተሰባዊ በሆነ መስተንግዶ እናደርስልዎታለን እኛን ስለመረጡ እናመሰግናለን ለሱቅ ነጋዴዋች እና ብዛት ተረካቢዎች ባስተያየት እናስረክባለን ጥያቄዎን እና አስተያየቶን ሳንዘገይ እንመልስልዎታለን ለበለጠ መረጃ,./media\photo_651.jpg
-1001866685679,2024-05-21T04:30:38+00:00,እንኳን ለፋሲካ በአል በሰላም አደረሳችሁ ልዩ የፋሲካ በአል ቅናሽ በሁሉም ጫማዎቻችን ላይ ለ ቀን የሚቆይ የ20 ቅናሽ ማድረጋችንን ስንገልፅ በደስታ ነው ዛሬዉኑ ይዘዙን ባስቀመጥንልዎ ቀነቀጠሮ በጥራት በፍጥነት እና ቤተሰባዊ በሆነ መስተንግዶ እናደርስልዎታለን እኛን ስለመረጡ እናመሰግናለን ለሱቅ ነጋዴዋች እና ብዛት ተረካቢዎች ባስተያየት እናስረክባለን ጥያቄዎን እና አስተያየቶን ሳንዘገይ እንመልስልዎታለን ለበለጠ መረጃ,./media\photo_649.jpg
-1001866685679,2024-05-14T06:26:19+00:00,እንኳን ለፋሲካ በአል በሰላም አደረሳችሁ ልዩ የፋሲካ በአል ቅናሽ በሁሉም ጫማዎቻችን ላይ ለ ቀን የሚቆይ የ20 ቅናሽ ማድረጋችንን ስንገልፅ በደስታ ነው ዛሬዉኑ ይዘዙን ባስቀመጥንልዎ ቀነቀጠሮ በጥራት በፍጥነት እና ቤተሰባዊ በሆነ መስተንግዶ እናደርስልዎታለን እኛን ስለመረጡ እናመሰግናለን ለሱቅ ነጋዴዋች እና ብዛት ተረካቢዎች ባስተያየት እናስረክባለን ጥያቄዎን እና አስተያየቶን ሳንዘገይ እንመልስልዎታለን ለበለጠ መረጃ,./media\photo_647.jpg
-1001866685679,2024-05-14T06:25:46+00:00,እንኳን ለፋሲካ በአል በሰላም አደረሳችሁ ልዩ የፋሲካ በአል ቅናሽ በሁሉም ጫማዎቻችን ላይ ለ ቀን የሚቆይ የ20 ቅናሽ ማድረጋችንን ስንገልፅ በደስታ ነው ዛሬዉኑ ይዘዙን ባስቀመጥንልዎ ቀነቀጠሮ በጥራት በፍጥነት እና ቤተሰባዊ በሆነ መስተንግዶ እናደርስልዎታለን እኛን ስለመረጡ እናመሰግናለን ለሱቅ ነጋዴዋች እና ብዛት ተረካቢዎች ባስተያየት እናስረክባለን ጥያቄዎን እና አስተያየቶን ሳንዘገይ እንመልስልዎታለን ለበለጠ መረጃ,./media\photo_645.jpg
-1001866685679,2024-05-14T06:25:00+00:00,እንኳን ለፋሲካ በአል በሰላም አደረሳችሁ ልዩ የፋሲካ በአል ቅናሽ በሁሉም ጫማዎቻችን ላይ ለ ቀን የሚቆይ የ20 ቅናሽ ማድረጋችንን ስንገልፅ በደስታ ነው ዛሬዉኑ ይዘዙን ባስቀመጥንልዎ ቀነቀጠሮ በጥራት በፍጥነት እና ቤተሰባዊ በሆነ መስተንግዶ እናደርስልዎታለን እኛን ስለመረጡ እናመሰግናለን ለሱቅ ነጋዴዋች እና ብዛት ተረካቢዎች ባስተያየት እናስረክባለን ጥያቄዎን እና አስተያየቶን ሳንዘገይ እንመልስልዎታለን ለበለጠ መረጃ,./media\photo_643.jpg
-1001866685679,2024-05-14T06:23:58+00:00,እንኳን ለፋሲካ በአል በሰላም አደረሳችሁ ልዩ የፋሲካ በአል ቅናሽ በሁሉም ጫማዎቻችን ላይ ለ ቀን የሚቆይ የ20 ቅናሽ ማድረጋችንን ስንገልፅ በደስታ ነው ዛሬዉኑ ይዘዙን ባስቀመጥንልዎ ቀነቀጠሮ በጥራት በፍጥነት እና ቤተሰባዊ በሆነ መስተንግዶ እናደርስልዎታለን እኛን ስለመረጡ እናመሰግናለን ለሱቅ ነጋዴዋች እና ብዛት ተረካቢዎች ባስተያየት እናስረክባለን ጥያቄዎን እና አስተያየቶን ሳንዘገይ እንመልስልዎታለን ለበለጠ መረጃ,./media\photo_641.jpg
-1001866685679,2024-05-04T04:07:08+00:00,እንኳን ለፋሲካ በአል በሰላም አደረሳችሁ ልዩ የፋሲካ በአል ቅናሽ በሁሉም ጫማዎቻችን ላይ ለ ቀን የሚቆይ የ20 ቅናሽ ማድረጋችንን ስንገልፅ በደስታ ነው ዛሬዉኑ ይዘዙን ባስቀመጥንልዎ ቀነቀጠሮ በጥራት በፍጥነት እና ቤተሰባዊ በሆነ መስተንግዶ እናደርስልዎታለን እኛን ስለመረጡ እናመሰግናለን ለሱቅ ነጋዴዋች እና ብዛት ተረካቢዎች ባስተያየት እናስረክባለን ጥያቄዎን እና አስተያየቶን ሳንዘገይ እንመልስልዎታለን ለበለጠ መረጃ,./media\photo_638.jpg
-1001866685679,2024-04-27T04:22:07+00:00,ታላቅ ቅናሽ በሁሉም ጫማዎቻችን ላይ ለ ቀን የሚቆይ የ20 ቅናሽ ማድረጋችንን ስንገልፅ በደስታ ነው ዛሬዉኑ ይዘዙን ባስቀመጥንልዎ ቀነቀጠሮ በጥራት በፍጥነት እና ቤተሰባዊ በሆነ መስተንግዶ እናደርስልዎታለን እኛን ስለመረጡ እናመሰግናለን ለሱቅ ነጋዴዋች እና ብዛት ተረካቢዎች ባስተያየት እናስረክባለን ጥያቄዎን እና አስተያየቶን ሳንዘገይ እንመልስልዎታለን ለበለጠ መረጃ,./media\photo_635.jpg
-1001866685679,2024-04-27T04:21:46+00:00,ታላቅ ቅናሽ በሁሉም ጫማዎቻችን ላይ ለ ቀን የሚቆይ የ20 ቅናሽ ማድረጋችንን ስንገልፅ በደስታ ነው ዛሬዉኑ ይዘዙን ባስቀመጥንልዎ ቀነቀጠሮ በጥራት በፍጥነት እና ቤተሰባዊ በሆነ መስተንግዶ እናደርስልዎታለን እኛን ስለመረጡ እናመሰግናለን ለሱቅ ነጋዴዋች እና ብዛት ተረካቢዎች ባስተያየት እናስረክባለን ጥያቄዎን እና አስተያየቶን ሳንዘገይ እንመልስልዎታለን ለበለጠ መረጃ,./media\photo_631.jpg
-1001866685679,2024-04-27T04:20:09+00:00,ታላቅ ቅናሽ በሁሉም ጫማዎቻችን ላይ ለ ቀን የሚቆይ የ20 ቅናሽ ማድረጋችንን ስንገልፅ በደስታ ነው ዛሬዉኑ ይዘዙን ባስቀመጥንልዎ ቀነቀጠሮ በጥራት በፍጥነት እና ቤተሰባዊ በሆነ መስተንግዶ እናደርስልዎታለን እኛን ስለመረጡ እናመሰግናለን ለሱቅ ነጋዴዋች እና ብዛት ተረካቢዎች ባስተያየት እናስረክባለን ጥያቄዎን እና አስተያየቶን ሳንዘገይ እንመልስልዎታለን ለበለጠ መረጃ,./media\photo_628.jpg
-1001866685679,2024-04-27T04:18:42+00:00,ታላቅ ቅናሽ በሁሉም ጫማዎቻችን ላይ ለ ቀን የሚቆይ የ20 ቅናሽ ማድረጋችንን ስንገልፅ በደስታ ነው ዛሬዉኑ ይዘዙን ባስቀመጥንልዎ ቀነቀጠሮ በጥራት በፍጥነት እና ቤተሰባዊ በሆነ መስተንግዶ እናደርስልዎታለን እኛን ስለመረጡ እናመሰግናለን ለሱቅ ነጋዴዋች እና ብዛት ተረካቢዎች ባስተያየት እናስረክባለን ጥያቄዎን እና አስተያየቶን ሳንዘገይ እንመልስልዎታለን ለበለጠ መረጃ,./media\photo_626.jpg
-1001866685679,2024-04-18T04:18:39+00:00,ታላቅ ቅናሽ በሁሉም ጫማዎቻችን ላይ ለ ቀን የሚቆይ የ20 ቅናሽ ማድረጋችንን ስንገልፅ በደስታ ነው ዛሬዉኑ ይዘዙን ባስቀመጥንልዎ ቀነቀጠሮ በጥራት በፍጥነት እና ቤተሰባዊ በሆነ መስተንግዶ እናደርስልዎታለን እኛን ስለመረጡ እናመሰግናለን ለሱቅ ነጋዴዋች እና ብዛት ተረካቢዎች ባስተያየት እናስረክባለን ጥያቄዎን እና አስተያየቶን ሳንዘገይ እንመልስልዎታለን ለበለጠ መረጃ,./media\photo_618.jpg
-1001866685679,2024-04-18T04:16:34+00:00,ታላቅ ቅናሽ በሁሉም ጫማዎቻችን ላይ ለ ቀን የሚቆይ የ20 ቅናሽ ማድረጋችንን ስንገልፅ በደስታ ነው ዛሬዉኑ ይዘዙን ባስቀመጥንልዎ ቀነቀጠሮ በጥራት በፍጥነት እና ቤተሰባዊ በሆነ መስተንግዶ እናደርስልዎታለን እኛን ስለመረጡ እናመሰግናለን ለሱቅ ነጋዴዋች እና ብዛት ተረካቢዎች ባስተያየት እናስረክባለን ጥያቄዎን እና አስተያየቶን ሳንዘገይ እንመልስልዎታለን ለበለጠ መረጃ,./media\photo_616.jpg
-1001866685679,2024-04-18T04:14:30+00:00,ታላቅ ቅናሽ በሁሉም ጫማዎቻችን ላይ ለ ቀን የሚቆይ የ20 ቅናሽ ማድረጋችንን ስንገልፅ በደስታ ነው ዛሬዉኑ ይዘዙን ባስቀመጥንልዎ ቀነቀጠሮ በጥራት በፍጥነት እና ቤተሰባዊ በሆነ መስተንግዶ እናደርስልዎታለን እኛን ስለመረጡ እናመሰግናለን ለሱቅ ነጋዴዋች እና ብዛት ተረካቢዎች ባስተያየት እናስረክባለን ጥያቄዎን እና አስተያየቶን ሳንዘገይ እንመልስልዎታለን ለበለጠ መረጃ,./media\photo_613.jpg
-1001866685679,2024-04-18T04:12:18+00:00,ታላቅ ቅናሽ በሁሉም ጫማዎቻችን ላይ ለ ቀን የሚቆይ የ20 ቅናሽ ማድረጋችንን ስንገልፅ በደስታ ነው ዛሬዉኑ ይዘዙን ባስቀመጥንልዎ ቀነቀጠሮ በጥራት በፍጥነት እና ቤተሰባዊ በሆነ መስተንግዶ እናደርስልዎታለን እኛን ስለመረጡ እናመሰግናለን ለሱቅ ነጋዴዋች እና ብዛት ተረካቢዎች ባስተያየት እናስረክባለን ጥያቄዎን እና አስተያየቶን ሳንዘገይ እንመልስልዎታለን ለበለጠ መረጃ,./media\photo_611.jpg
-1001866685679,2024-04-18T04:10:36+00:00,ታላቅ ቅናሽ በሁሉም ጫማዎቻችን ላይ ለ ቀን የሚቆይ የ20 ቅናሽ ማድረጋችንን ስንገልፅ በደስታ ነው ዛሬዉኑ ይዘዙን ባስቀመጥንልዎ ቀነቀጠሮ በጥራት በፍጥነት እና ቤተሰባዊ በሆነ መስተንግዶ እናደርስልዎታለን እኛን ስለመረጡ እናመሰግናለን ለሱቅ ነጋዴዋች እና ብዛት ተረካቢዎች ባስተያየት እናስረክባለን ጥያቄዎን እና አስተያየቶን ሳንዘገይ እንመልስልዎታለን ለበለጠ መረጃ,./media\photo_608.jpg
-1001866685679,2024-04-18T04:07:06+00:00,ታላቅ ቅናሽ በሁሉም ጫማዎቻችን ላይ ለ ቀን የሚቆይ የ20 ቅናሽ ማድረጋችንን ስንገልፅ በደስታ ነው ዛሬዉኑ ይዘዙን ባስቀመጥንልዎ ቀነቀጠሮ በጥራት በፍጥነት እና ቤተሰባዊ በሆነ መስተንግዶ እናደርስልዎታለን እኛን ስለመረጡ እናመሰግናለን ለሱቅ ነጋዴዋች እና ብዛት ተረካቢዎች ባስተያየት እናስረክባለን ጥያቄዎን እና አስተያየቶን ሳንዘገይ እንመልስልዎታለን ለበለጠ መረጃ,./media\photo_606.jpg
-1001866685679,2024-04-18T04:05:55+00:00,ታላቅ ቅናሽ በሁሉም ጫማዎቻችን ላይ ለ ቀን የሚቆይ የ20 ቅናሽ ማድረጋችንን ስንገልፅ በደስታ ነው ዛሬዉኑ ይዘዙን ባስቀመጥንልዎ ቀነቀጠሮ በጥራት በፍጥነት እና ቤተሰባዊ በሆነ መስተንግዶ እናደርስልዎታለን እኛን ስለመረጡ እናመሰግናለን ለሱቅ ነጋዴዋች እና ብዛት ተረካቢዎች ባስተያየት እናስረክባለን ጥያቄዎን እና አስተያየቶን ሳንዘገይ እንመልስልዎታለን ለበለጠ መረጃ,./media\photo_604.jpg
-1001866685679,2024-04-18T04:04:04+00:00,ታላቅ ቅናሽ በሁሉም ጫማዎቻችን ላይ ለ ቀን የሚቆይ የ20 ቅናሽ ማድረጋችንን ስንገልፅ በደስታ ነው ዛሬዉኑ ይዘዙን ባስቀመጥንልዎ ቀነቀጠሮ በጥራት በፍጥነት እና ቤተሰባዊ በሆነ መስተንግዶ እናደርስልዎታለን እኛን ስለመረጡ እናመሰግናለን ለሱቅ ነጋዴዋች እና ብዛት ተረካቢዎች ባስተያየት እናስረክባለን ጥያቄዎን እና አስተያየቶን ሳንዘገይ እንመልስልዎታለን ለበለጠ መረጃ,./media\photo_602.jpg
-1001866685679,2024-04-18T04:01:31+00:00,ታላቅ ቅናሽ በሁሉም ጫማዎቻችን ላይ ለ ቀን የሚቆይ የ20 ቅናሽ ማድረጋችንን ስንገልፅ በደስታ ነው ዛሬዉኑ ይዘዙን ባስቀመጥንልዎ ቀነቀጠሮ በጥራት በፍጥነት እና ቤተሰባዊ በሆነ መስተንግዶ እናደርስልዎታለን እኛን ስለመረጡ እናመሰግናለን ለሱቅ ነጋዴዋች እና ብዛት ተረካቢዎች ባስተያየት እናስረክባለን ጥያቄዎን እና አስተያየቶን ሳንዘገይ እንመልስልዎታለን ለበለጠ መረጃ,./media\photo_600.jpg
-1001866685679,2024-04-10T05:20:54+00:00,ለመላው የእስልምና እምነት ተከታይ እንኳን ለ1445ኛው የኢድ አልፈጥር በዓል አደረሳችሁ ኢድ ሙባረክ,./media\photo_599.jpg
-1001866685679,2024-04-07T15:36:54+00:00,ታላቅ ቅናሽ በሁሉም ጫማዎቻችን ላይ ለ ቀን የሚቆይ የ20 ቅናሽ ማድረጋችንን ስንገልፅ በደስታ ነው ዛሬዉኑ ይዘዙን ባስቀመጥንልዎ ቀነቀጠሮ በጥራት በፍጥነት እና ቤተሰባዊ በሆነ መስተንግዶ እናደርስልዎታለን እኛን ስለመረጡ እናመሰግናለን ለሱቅ ነጋዴዋች እና ብዛት ተረካቢዎች ባስተያየት እናስረክባለን ጥያቄዎን እና አስተያየቶን ሳንዘገይ እንመልስልዎታለን ለበለጠ መረጃ,./media\photo_595.jpg
-1001866685679,2024-04-06T07:26:43+00:00,ታላቅ ቅናሽ በሁሉም ጫማዎቻችን ላይ ለ ቀን የሚቆይ የ20 ቅናሽ ማድረጋችንን ስንገልፅ በደስታ ነው ዛሬዉኑ ይዘዙን ባስቀመጥንልዎ ቀነቀጠሮ በጥራት በፍጥነት እና ቤተሰባዊ በሆነ መስተንግዶ እናደርስልዎታለን እኛን ስለመረጡ እናመሰግናለን ለሱቅ ነጋዴዋች እና ብዛት ተረካቢዎች ባስተያየት እናስረክባለን ጥያቄዎን እና አስተያየቶን ሳንዘገይ እንመልስልዎታለን ለበለጠ መረጃ,./media\photo_591.jpg
-1001866685679,2024-04-06T07:03:34+00:00,ታላቅ ቅናሽ በሁሉም ጫማዎቻችን ላይ ለ ቀን የሚቆይ የ20 ቅናሽ ማድረጋችንን ስንገልፅ በደስታ ነው ዛሬዉኑ ይዘዙን ባስቀመጥንልዎ ቀነቀጠሮ በጥራት በፍጥነት እና ቤተሰባዊ በሆነ መስተንግዶ እናደርስልዎታለን እኛን ስለመረጡ እናመሰግናለን ለሱቅ ነጋዴዋች እና ብዛት ተረካቢዎች ባስተያየት እናስረክባለን ጥያቄዎን እና አስተያየቶን ሳንዘገይ እንመልስልዎታለን ለበለጠ መረጃ,./media\photo_585.jpg
-1001866685679,2024-04-06T07:01:31+00:00,ታላቅ ቅናሽ በሁሉም ጫማዎቻችን ላይ ለ ቀን የሚቆይ የ20 ቅናሽ ማድረጋችንን ስንገልፅ በደስታ ነው ዛሬዉኑ ይዘዙን ባስቀመጥንልዎ ቀነቀጠሮ በጥራት በፍጥነት እና ቤተሰባዊ በሆነ መስተንግዶ እናደርስልዎታለን እኛን ስለመረጡ እናመሰግናለን ለሱቅ ነጋዴዋች እና ብዛት ተረካቢዎች ባስተያየት እናስረክባለን ጥያቄዎን እና አስተያየቶን ሳንዘገይ እንመልስልዎታለን ለበለጠ መረጃ,./media\photo_583.jpg
-1001866685679,2024-03-16T18:28:34+00:00,ታላቅ ቅናሽ በሁሉም ጫማዎቻችን ላይ ለ ቀን የሚቆይ የ20 ቅናሽ ማድረጋችንን ስንገልፅ በደስታ ነው ዛሬዉኑ ይዘዙን ባስቀመጥንልዎ ቀነቀጠሮ በጥራት በፍጥነት እና ቤተሰባዊ በሆነ መስተንግዶ እናደርስልዎታለን እኛን ስለመረጡ እናመሰግናለን ለሱቅ ነጋዴዋች እና ብዛት ተረካቢዎች ባስተያየት እናስረክባለን ጥያቄዎን እና አስተያየቶን ሳንዘገይ እንመልስልዎታለን ለበለጠ መረጃ,./media\photo_576.jpg
-1001866685679,2024-03-04T16:06:17+00:00,ታላቅ ቅናሽ በሁሉም ጫማዎቻችን ላይ ለ ቀን የሚቆይ የ20 ቅናሽ ማድረጋችንን ስንገልፅ በደስታ ነው ዛሬዉኑ ይዘዙን ባስቀመጥንልዎ ቀነቀጠሮ በጥራት በፍጥነት እና ቤተሰባዊ በሆነ መስተንግዶ እናደርስልዎታለን እኛን ስለመረጡ እናመሰግናለን ለሱቅ ነጋዴዋች እና ብዛት ተረካቢዎች ባስተያየት እናስረክባለን ጥያቄዎን እና አስተያየቶን ሳንዘገይ እንመልስልዎታለን ለበለጠ መረጃ,./media\photo_572.jpg
-1001866685679,2024-03-04T16:05:28+00:00,ታላቅ ቅናሽ በሁሉም ጫማዎቻችን ላይ ለ ቀን የሚቆይ የ20 ቅናሽ ማድረጋችንን ስንገልፅ በደስታ ነው ዛሬዉኑ ይዘዙን ባስቀመጥንልዎ ቀነቀጠሮ በጥራት በፍጥነት እና ቤተሰባዊ በሆነ መስተንግዶ እናደርስልዎታለን እኛን ስለመረጡ እናመሰግናለን ለሱቅ ነጋዴዋች እና ብዛት ተረካቢዎች ባስተያየት እናስረክባለን ጥያቄዎን እና አስተያየቶን ሳንዘገይ እንመልስልዎታለን ለበለጠ መረጃ,./media\photo_570.jpg
-1001866685679,2024-03-04T16:04:14+00:00,ታላቅ ቅናሽ በሁሉም ጫማዎቻችን ላይ ለ ቀን የሚቆይ የ20 ቅናሽ ማድረጋችንን ስንገልፅ በደስታ ነው ዛሬዉኑ ይዘዙን ባስቀመጥንልዎ ቀነቀጠሮ በጥራት በፍጥነት እና ቤተሰባዊ በሆነ መስተንግዶ እናደርስልዎታለን እኛን ስለመረጡ እናመሰግናለን ለሱቅ ነጋዴዋች እና ብዛት ተረካቢዎች ባስተያየት እናስረክባለን ጥያቄዎን እና አስተያየቶን ሳንዘገይ እንመልስልዎታለን ለበለጠ መረጃ,./media\photo_568.jpg
-1001866685679,2024-02-25T03:49:22+00:00,ታላቅ ቅናሽ በሁሉም ጫማዎቻችን ላይ ለ ቀን የሚቆይ የ20 ቅናሽ ማድረጋችንን ስንገልፅ በደስታ ነው ዛሬዉኑ ይዘዙን ባስቀመጥንልዎ ቀነቀጠሮ በጥራት በፍጥነት እና ቤተሰባዊ በሆነ መስተንግዶ እናደርስልዎታለን እኛን ስለመረጡ እናመሰግናለን ለሱቅ ነጋዴዋች እና ብዛት ተረካቢዎች ባስተያየት እናስረክባለን ጥያቄዎን እና አስተያየቶን ሳንዘገይ እንመልስልዎታለን ለበለጠ መረጃ,./media\photo_564.jpg
-1001866685679,2024-02-25T03:46:50+00:00,ታላቅ ቅናሽ በሁሉም ጫማዎቻችን ላይ ለ ቀን የሚቆይ የ20 ቅናሽ ማድረጋችንን ስንገልፅ በደስታ ነው ዛሬዉኑ ይዘዙን ባስቀመጥንልዎ ቀነቀጠሮ በጥራት በፍጥነት እና ቤተሰባዊ በሆነ መስተንግዶ እናደርስልዎታለን እኛን ስለመረጡ እናመሰግናለን ለሱቅ ነጋዴዋች እና ብዛት ተረካቢዎች ባስተያየት እናስረክባለን ጥያቄዎን እና አስተያየቶን ሳንዘገይ እንመልስልዎታለን ለበለጠ መረጃ,./media\photo_562.jpg
-1001866685679,2024-02-25T03:44:53+00:00,ታላቅ ቅናሽ በሁሉም ጫማዎቻችን ላይ ለ ቀን የሚቆይ የ20 ቅናሽ ማድረጋችንን ስንገልፅ በደስታ ነው ዛሬዉኑ ይዘዙን ባስቀመጥንልዎ ቀነቀጠሮ በጥራት በፍጥነት እና ቤተሰባዊ በሆነ መስተንግዶ እናደርስልዎታለን እኛን ስለመረጡ እናመሰግናለን ለሱቅ ነጋዴዋች እና ብዛት ተረካቢዎች ባስተያየት እናስረክባለን ጥያቄዎን እና አስተያየቶን ሳንዘገይ እንመልስልዎታለን ለበለጠ መረጃ,./media\photo_559.jpg
-1001866685679,2024-02-25T03:43:33+00:00,ታላቅ ቅናሽ በሁሉም ጫማዎቻችን ላይ ለ ቀን የሚቆይ የ20 ቅናሽ ማድረጋችንን ስንገልፅ በደስታ ነው ዛሬዉኑ ይዘዙን ባስቀመጥንልዎ ቀነቀጠሮ በጥራት በፍጥነት እና ቤተሰባዊ በሆነ መስተንግዶ እናደርስልዎታለን እኛን ስለመረጡ እናመሰግናለን ለሱቅ ነጋዴዋች እና ብዛት ተረካቢዎች ባስተያየት እናስረክባለን ጥያቄዎን እና አስተያየቶን ሳንዘገይ እንመልስልዎታለን ለበለጠ መረጃ,./media\photo_557.jpg
-1001866685679,2024-02-25T03:41:49+00:00,ታላቅ ቅናሽ በሁሉም ጫማዎቻችን ላይ ለ ቀን የሚቆይ የ20 ቅናሽ ማድረጋችንን ስንገልፅ በደስታ ነው ዛሬዉኑ ይዘዙን ባስቀመጥንልዎ ቀነቀጠሮ በጥራት በፍጥነት እና ቤተሰባዊ በሆነ መስተንግዶ እናደርስልዎታለን እኛን ስለመረጡ እናመሰግናለን ለሱቅ ነጋዴዋች እና ብዛት ተረካቢዎች ባስተያየት እናስረክባለን ጥያቄዎን እና አስተያየቶን ሳንዘገይ እንመልስልዎታለን ለበለጠ መረጃ,./media\photo_555.jpg
-1001866685679,2024-02-19T18:55:29+00:00,ታላቅ ቅናሽ በሁሉም ጫማዎቻችን ላይ ለ ቀን የሚቆይ የ20 ቅናሽ ማድረጋችንን ስንገልፅ በደስታ ነው ዛሬዉኑ ይዘዙን ባስቀመጥንልዎ ቀነቀጠሮ በጥራት በፍጥነት እና ቤተሰባዊ በሆነ መስተንግዶ እናደርስልዎታለን እኛን ስለመረጡ እናመሰግናለን ለሱቅ ነጋዴዋች እና ብዛት ተረካቢዎች ባስተያየት እናስረክባለን ጥያቄዎን እና አስተያየቶን ሳንዘገይ እንመልስልዎታለን ለበለጠ መረጃ,./media\photo_553.jpg
-1001866685679,2024-02-19T18:54:27+00:00,ታላቅ ቅናሽ በሁሉም ጫማዎቻችን ላይ ለ ቀን የሚቆይ የ20 ቅናሽ ማድረጋችንን ስንገልፅ በደስታ ነው ዛሬዉኑ ይዘዙን ባስቀመጥንልዎ ቀነቀጠሮ በጥራት በፍጥነት እና ቤተሰባዊ በሆነ መስተንግዶ እናደርስልዎታለን እኛን ስለመረጡ እናመሰግናለን ለሱቅ ነጋዴዋች እና ብዛት ተረካቢዎች ባስተያየት እናስረክባለን ጥያቄዎን እና አስተያየቶን ሳንዘገይ እንመልስልዎታለን ለበለጠ መረጃ,./media\photo_551.jpg
-1001866685679,2024-02-19T18:50:40+00:00,ታላቅ ቅናሽ በሁሉም ጫማዎቻችን ላይ ለ ቀን የሚቆይ የ20 ቅናሽ ማድረጋችንን ስንገልፅ በደስታ ነው ዛሬዉኑ ይዘዙን ባስቀመጥንልዎ ቀነቀጠሮ በጥራት በፍጥነት እና ቤተሰባዊ በሆነ መስተንግዶ እናደርስልዎታለን እኛን ስለመረጡ እናመሰግናለን ለሱቅ ነጋዴዋች እና ብዛት ተረካቢዎች ባስተያየት እናስረክባለን ጥያቄዎን እና አስተያየቶን ሳንዘገይ እንመልስልዎታለን ለበለጠ መረጃ,./media\photo_550.jpg
-1001866685679,2024-02-19T18:46:45+00:00,ታላቅ ቅናሽ በሁሉም ጫማዎቻችን ላይ ለ ቀን የሚቆይ የ20 ቅናሽ ማድረጋችንን ስንገልፅ በደስታ ነው ዛሬዉኑ ይዘዙን ባስቀመጥንልዎ ቀነቀጠሮ በጥራት በፍጥነት እና ቤተሰባዊ በሆነ መስተንግዶ እናደርስልዎታለን እኛን ስለመረጡ እናመሰግናለን ለሱቅ ነጋዴዋች እና ብዛት ተረካቢዎች ባስተያየት እናስረክባለን ጥያቄዎን እና አስተያየቶን ሳንዘገይ እንመልስልዎታለን ለበለጠ መረጃ,./media\photo_548.jpg
-1001866685679,2024-02-19T18:44:53+00:00,ታላቅ ቅናሽ በሁሉም ጫማዎቻችን ላይ ለ ቀን የሚቆይ የ20 ቅናሽ ማድረጋችንን ስንገልፅ በደስታ ነው ዛሬዉኑ ይዘዙን ባስቀመጥንልዎ ቀነቀጠሮ በጥራት በፍጥነት እና ቤተሰባዊ በሆነ መስተንግዶ እናደርስልዎታለን እኛን ስለመረጡ እናመሰግናለን ለሱቅ ነጋዴዋች እና ብዛት ተረካቢዎች ባስተያየት እናስረክባለን ጥያቄዎን እና አስተያየቶን ሳንዘገይ እንመልስልዎታለን ለበለጠ መረጃ,./media\photo_546.jpg
-1001866685679,2024-02-19T18:43:18+00:00,ታላቅ ቅናሽ በሁሉም ጫማዎቻችን ላይ ለ ቀን የሚቆይ የ20 ቅናሽ ማድረጋችንን ስንገልፅ በደስታ ነው ዛሬዉኑ ይዘዙን ባስቀመጥንልዎ ቀነቀጠሮ በጥራት በፍጥነት እና ቤተሰባዊ በሆነ መስተንግዶ እናደርስልዎታለን እኛን ስለመረጡ እናመሰግናለን ለሱቅ ነጋዴዋች እና ብዛት ተረካቢዎች ባስተያየት እናስረክባለን ጥያቄዎን እና አስተያየቶን ሳንዘገይ እንመልስልዎታለን ለበለጠ መረጃ,./media\photo_544.jpg
-1001866685679,2024-02-19T18:40:45+00:00,ታላቅ ቅናሽ በሁሉም ጫማዎቻችን ላይ ለ ቀን የሚቆይ የ20 ቅናሽ ማድረጋችንን ስንገልፅ በደስታ ነው ዛሬዉኑ ይዘዙን ባስቀመጥንልዎ ቀነቀጠሮ በጥራት በፍጥነት እና ቤተሰባዊ በሆነ መስተንግዶ እናደርስልዎታለን እኛን ስለመረጡ እናመሰግናለን ለሱቅ ነጋዴዋች እና ብዛት ተረካቢዎች ባስተያየት እናስረክባለን ጥያቄዎን እና አስተያየቶን ሳንዘገይ እንመልስልዎታለን ለበለጠ መረጃ,./media\photo_542.jpg
-1001866685679,2024-02-19T18:38:32+00:00,ታላቅ ቅናሽ በሁሉም ጫማዎቻችን ላይ ለ ቀን የሚቆይ የ20 ቅናሽ ማድረጋችንን ስንገልፅ በደስታ ነው ዛሬዉኑ ይዘዙን ባስቀመጥንልዎ ቀነቀጠሮ በጥራት በፍጥነት እና ቤተሰባዊ በሆነ መስተንግዶ እናደርስልዎታለን እኛን ስለመረጡ እናመሰግናለን ለሱቅ ነጋዴዋች እና ብዛት ተረካቢዎች ባስተያየት እናስረክባለን ጥያቄዎን እና አስተያየቶን ሳንዘገይ እንመልስልዎታለን ለበለጠ መረጃ,./media\photo_540.jpg
-1001866685679,2024-02-19T18:37:38+00:00,ታላቅ ቅናሽ በሁሉም ጫማዎቻችን ላይ ለ ቀን የሚቆይ የ20 ቅናሽ ማድረጋችንን ስንገልፅ በደስታ ነው ዛሬዉኑ ይዘዙን ባስቀመጥንልዎ ቀነቀጠሮ በጥራት በፍጥነት እና ቤተሰባዊ በሆነ መስተንግዶ እናደርስልዎታለን እኛን ስለመረጡ እናመሰግናለን ለሱቅ ነጋዴዋች እና ብዛት ተረካቢዎች ባስተያየት እናስረክባለን ጥያቄዎን እና አስተያየቶን ሳንዘገይ እንመልስልዎታለን ለበለጠ መረጃ,./media\photo_538.jpg
-1001866685679,2024-02-07T18:39:33+00:00,ታላቅ ቅናሽ በሁሉም ጫማዎቻችን ላይ ለ ቀን የሚቆይ የ20 ቅናሽ ማድረጋችንን ስንገልፅ በደስታ ነው ዛሬዉኑ ይዘዙን ባስቀመጥንልዎ ቀነቀጠሮ በጥራት በፍጥነት እና ቤተሰባዊ በሆነ መስተንግዶ እናደርስልዎታለን እኛን ስለመረጡ እናመሰግናለን ለሱቅ ነጋዴዋች እና ብዛት ተረካቢዎች ባስተያየት እናስረክባለን ጥያቄዎን እና አስተያየቶን ሳንዘገይ እንመልስልዎታለን ለበለጠ መረጃ,./media\photo_536.jpg
-1001866685679,2024-02-07T18:39:20+00:00,ታላቅ ቅናሽ በሁሉም ጫማዎቻችን ላይ ለ ቀን የሚቆይ የ20 ቅናሽ ማድረጋችንን ስንገልፅ በደስታ ነው ዛሬዉኑ ይዘዙን ባስቀመጥንልዎ ቀነቀጠሮ በጥራት በፍጥነት እና ቤተሰባዊ በሆነ መስተንግዶ እናደርስልዎታለን እኛን ስለመረጡ እናመሰግናለን ለሱቅ ነጋዴዋች እና ብዛት ተረካቢዎች ባስተያየት እናስረክባለን ጥያቄዎን እና አስተያየቶን ሳንዘገይ እንመልስልዎታለን ለበለጠ መረጃ,./media\photo_534.jpg
-1001866685679,2024-02-07T18:38:48+00:00,ታላቅ ቅናሽ በሁሉም ጫማዎቻችን ላይ ለ ቀን የሚቆይ የ20 ቅናሽ ማድረጋችንን ስንገልፅ በደስታ ነው ዛሬዉኑ ይዘዙን ባስቀመጥንልዎ ቀነቀጠሮ በጥራት በፍጥነት እና ቤተሰባዊ በሆነ መስተንግዶ እናደርስልዎታለን እኛን ስለመረጡ እናመሰግናለን ለሱቅ ነጋዴዋች እና ብዛት ተረካቢዎች ባስተያየት እናስረክባለን ጥያቄዎን እና አስተያየቶን ሳንዘገይ እንመልስልዎታለን ለበለጠ መረጃ,./media\photo_532.jpg
-1001866685679,2024-02-07T18:37:30+00:00,ታላቅ ቅናሽ በሁሉም ጫማዎቻችን ላይ ለ ቀን የሚቆይ የ20 ቅናሽ ማድረጋችንን ስንገልፅ በደስታ ነው ዛሬዉኑ ይዘዙን ባስቀመጥንልዎ ቀነቀጠሮ በጥራት በፍጥነት እና ቤተሰባዊ በሆነ መስተንግዶ እናደርስልዎታለን እኛን ስለመረጡ እናመሰግናለን ለሱቅ ነጋዴዋች እና ብዛት ተረካቢዎች ባስተያየት እናስረክባለን ጥያቄዎን እና አስተያየቶን ሳንዘገይ እንመልስልዎታለን ለበለጠ መረጃ,./media\photo_530.jpg
-1001866685679,2024-02-07T18:36:59+00:00,ታላቅ ቅናሽ በሁሉም ጫማዎቻችን ላይ ለ ቀን የሚቆይ የ20 ቅናሽ ማድረጋችንን ስንገልፅ በደስታ ነው ዛሬዉኑ ይዘዙን ባስቀመጥንልዎ ቀነቀጠሮ በጥራት በፍጥነት እና ቤተሰባዊ በሆነ መስተንግዶ እናደርስልዎታለን እኛን ስለመረጡ እናመሰግናለን ለሱቅ ነጋዴዋች እና ብዛት ተረካቢዎች ባስተያየት እናስረክባለን ጥያቄዎን እና አስተያየቶን ሳንዘገይ እንመልስልዎታለን ለበለጠ መረጃ,./media\photo_528.jpg
-1001866685679,2024-01-30T19:12:00+00:00,ታላቅ ቅናሽ በ ጫማ በሁሉም ጫማዎቻችን ላይ ለ ቀን የሚቆይ የ20 ቅናሽ ማድረጋችንን ስንገልፅ በደስታ ነው ዛሬዉኑ ይዘዙን ባስቀመጥንልዎ ቀነቀጠሮ በጥራት በፍጥነት እና ቤተሰባዊ በሆነ መስተንግዶ እናደርስልዎታለን እኛን ስለመረጡ እናመሰግናለን ለሱቅ ነጋዴዋች እና ብዛት ተረካቢዎች ባስተያየት እናስረክባለን ጥያቄዎን እና አስተያየቶን ሳንዘገይ እንመልስልዎታለን ለበለጠ መረጃ,./media\photo_526.jpg
-1001866685679,2024-01-30T19:10:55+00:00,ታላቅ ቅናሽ በ ጫማ በሁሉም ጫማዎቻችን ላይ ለ ቀን የሚቆይ የ20 ቅናሽ ማድረጋችንን ስንገልፅ በደስታ ነው ዛሬዉኑ ይዘዙን ባስቀመጥንልዎ ቀነቀጠሮ በጥራት በፍጥነት እና ቤተሰባዊ በሆነ መስተንግዶ እናደርስልዎታለን እኛን ስለመረጡ እናመሰግናለን ለሱቅ ነጋዴዋች እና ብዛት ተረካቢዎች ባስተያየት እናስረክባለን ጥያቄዎን እና አስተያየቶን ሳንዘገይ እንመልስልዎታለን ለበለጠ መረጃ,./media\photo_524.jpg
-1001866685679,2024-01-30T19:10:46+00:00,ታላቅ ቅናሽ በ ጫማ በሁሉም ጫማዎቻችን ላይ ለ ቀን የሚቆይ የ20 ቅናሽ ማድረጋችንን ስንገልፅ በደስታ ነው ዛሬዉኑ ይዘዙን ባስቀመጥንልዎ ቀነቀጠሮ በጥራት በፍጥነት እና ቤተሰባዊ በሆነ መስተንግዶ እናደርስልዎታለን እኛን ስለመረጡ እናመሰግናለን ለሱቅ ነጋዴዋች እና ብዛት ተረካቢዎች ባስተያየት እናስረክባለን ጥያቄዎን እና አስተያየቶን ሳንዘገይ እንመልስልዎታለን ለበለጠ መረጃ,./media\photo_522.jpg
-1001866685679,2024-01-30T19:10:34+00:00,ታላቅ ቅናሽ በ ጫማ በሁሉም ጫማዎቻችን ላይ ለ ቀን የሚቆይ የ20 ቅናሽ ማድረጋችንን ስንገልፅ በደስታ ነው ዛሬዉኑ ይዘዙን ባስቀመጥንልዎ ቀነቀጠሮ በጥራት በፍጥነት እና ቤተሰባዊ በሆነ መስተንግዶ እናደርስልዎታለን እኛን ስለመረጡ እናመሰግናለን ለሱቅ ነጋዴዋች እና ብዛት ተረካቢዎች ባስተያየት እናስረክባለን ጥያቄዎን እና አስተያየቶን ሳንዘገይ እንመልስልዎታለን ለበለጠ መረጃ,./media\photo_520.jpg
-1001866685679,2024-01-30T19:10:22+00:00,ታላቅ ቅናሽ በ ጫማ በሁሉም ጫማዎቻችን ላይ ለ ቀን የሚቆይ የ20 ቅናሽ ማድረጋችንን ስንገልፅ በደስታ ነው ዛሬዉኑ ይዘዙን ባስቀመጥንልዎ ቀነቀጠሮ በጥራት በፍጥነት እና ቤተሰባዊ በሆነ መስተንግዶ እናደርስልዎታለን እኛን ስለመረጡ እናመሰግናለን ለሱቅ ነጋዴዋች እና ብዛት ተረካቢዎች ባስተያየት እናስረክባለን ጥያቄዎን እና አስተያየቶን ሳንዘገይ እንመልስልዎታለን ለበለጠ መረጃ,./media\photo_518.jpg
-1001866685679,2024-01-30T19:09:45+00:00,ታላቅ ቅናሽ በ ጫማ በሁሉም ጫማዎቻችን ላይ ለ ቀን የሚቆይ የ20 ቅናሽ ማድረጋችንን ስንገልፅ በደስታ ነው ዛሬዉኑ ይዘዙን ባስቀመጥንልዎ ቀነቀጠሮ በጥራት በፍጥነት እና ቤተሰባዊ በሆነ መስተንግዶ እናደርስልዎታለን እኛን ስለመረጡ እናመሰግናለን ለሱቅ ነጋዴዋች እና ብዛት ተረካቢዎች ባስተያየት እናስረክባለን ጥያቄዎን እና አስተያየቶን ሳንዘገይ እንመልስልዎታለን ለበለጠ መረጃ,./media\photo_516.jpg
-1001866685679,2024-01-30T19:08:43+00:00,ታላቅ ቅናሽ በ ጫማ በሁሉም ጫማዎቻችን ላይ ለ ቀን የሚቆይ የ20 ቅናሽ ማድረጋችንን ስንገልፅ በደስታ ነው ዛሬዉኑ ይዘዙን ባስቀመጥንልዎ ቀነቀጠሮ በጥራት በፍጥነት እና ቤተሰባዊ በሆነ መስተንግዶ እናደርስልዎታለን እኛን ስለመረጡ እናመሰግናለን ለሱቅ ነጋዴዋች እና ብዛት ተረካቢዎች ባስተያየት እናስረክባለን ጥያቄዎን እና አስተያየቶን ሳንዘገይ እንመልስልዎታለን ለበለጠ መረጃ,./media\photo_514.jpg
-1001866685679,2024-01-30T19:08:02+00:00,ታላቅ ቅናሽ በ ጫማ በሁሉም ጫማዎቻችን ላይ ለ ቀን የሚቆይ የ20 ቅናሽ ማድረጋችንን ስንገልፅ በደስታ ነው ዛሬዉኑ ይዘዙን ባስቀመጥንልዎ ቀነቀጠሮ በጥራት በፍጥነት እና ቤተሰባዊ በሆነ መስተንግዶ እናደርስልዎታለን እኛን ስለመረጡ እናመሰግናለን ለሱቅ ነጋዴዋች እና ብዛት ተረካቢዎች ባስተያየት እናስረክባለን ጥያቄዎን እና አስተያየቶን ሳንዘገይ እንመልስልዎታለን ለበለጠ መረጃ,./media\photo_512.jpg
-1001866685679,2024-01-30T19:07:31+00:00,ታላቅ ቅናሽ በ ጫማ በሁሉም ጫማዎቻችን ላይ ለ ቀን የሚቆይ የ20 ቅናሽ ማድረጋችንን ስንገልፅ በደስታ ነው ዛሬዉኑ ይዘዙን ባስቀመጥንልዎ ቀነቀጠሮ በጥራት በፍጥነት እና ቤተሰባዊ በሆነ መስተንግዶ እናደርስልዎታለን እኛን ስለመረጡ እናመሰግናለን ለሱቅ ነጋዴዋች እና ብዛት ተረካቢዎች ባስተያየት እናስረክባለን ጥያቄዎን እና አስተያየቶን ሳንዘገይ እንመልስልዎታለን ለበለጠ መረጃ,./media\photo_510.jpg
-1001866685679,2024-01-30T19:07:09+00:00,ታላቅ ቅናሽ በ ጫማ በሁሉም ጫማዎቻችን ላይ ለ ቀን የሚቆይ የ20 ቅናሽ ማድረጋችንን ስንገልፅ በደስታ ነው ዛሬዉኑ ይዘዙን ባስቀመጥንልዎ ቀነቀጠሮ በጥራት በፍጥነት እና ቤተሰባዊ በሆነ መስተንግዶ እናደርስልዎታለን እኛን ስለመረጡ እናመሰግናለን ለሱቅ ነጋዴዋች እና ብዛት ተረካቢዎች ባስተያየት እናስረክባለን ጥያቄዎን እና አስተያየቶን ሳንዘገይ እንመልስልዎታለን ለበለጠ መረጃ,./media\photo_508.jpg
-1001866685679,2024-01-30T19:04:45+00:00,ታላቅ ቅናሽ በ ጫማ በሁሉም ጫማዎቻችን ላይ ለ ቀን የሚቆይ የ20 ቅናሽ ማድረጋችንን ስንገልፅ በደስታ ነው ዛሬዉኑ ይዘዙን ባስቀመጥንልዎ ቀነቀጠሮ በጥራት በፍጥነት እና ቤተሰባዊ በሆነ መስተንግዶ እናደርስልዎታለን እኛን ስለመረጡ እናመሰግናለን ለሱቅ ነጋዴዋች እና ብዛት ተረካቢዎች ባስተያየት እናስረክባለን ጥያቄዎን እና አስተያየቶን ሳንዘገይ እንመልስልዎታለን ለበለጠ መረጃ,./media\photo_506.jpg
-1001866685679,2024-01-30T19:04:37+00:00,ታላቅ ቅናሽ በ ጫማ በሁሉም ጫማዎቻችን ላይ ለ ቀን የሚቆይ የ20 ቅናሽ ማድረጋችንን ስንገልፅ በደስታ ነው ዛሬዉኑ ይዘዙን ባስቀመጥንልዎ ቀነቀጠሮ በጥራት በፍጥነት እና ቤተሰባዊ በሆነ መስተንግዶ እናደርስልዎታለን እኛን ስለመረጡ እናመሰግናለን ለሱቅ ነጋዴዋች እና ብዛት ተረካቢዎች ባስተያየት እናስረክባለን ጥያቄዎን እና አስተያየቶን ሳንዘገይ እንመልስልዎታለን ለበለጠ መረጃ,./media\photo_504.jpg
-1001866685679,2024-01-30T19:04:24+00:00,ታላቅ ቅናሽ በ ጫማ በሁሉም ጫማዎቻችን ላይ ለ ቀን የሚቆይ የ20 ቅናሽ ማድረጋችንን ስንገልፅ በደስታ ነው ዛሬዉኑ ይዘዙን ባስቀመጥንልዎ ቀነቀጠሮ በጥራት በፍጥነት እና ቤተሰባዊ በሆነ መስተንግዶ እናደርስልዎታለን እኛን ስለመረጡ እናመሰግናለን ለሱቅ ነጋዴዋች እና ብዛት ተረካቢዎች ባስተያየት እናስረክባለን ጥያቄዎን እና አስተያየቶን ሳንዘገይ እንመልስልዎታለን ለበለጠ መረጃ,./media\photo_502.jpg
-1001866685679,2024-01-30T19:03:50+00:00,ታላቅ ቅናሽ በ ጫማ በሁሉም ጫማዎቻችን ላይ ለ ቀን የሚቆይ የ20 ቅናሽ ማድረጋችንን ስንገልፅ በደስታ ነው ዛሬዉኑ ይዘዙን ባስቀመጥንልዎ ቀነቀጠሮ በጥራት በፍጥነት እና ቤተሰባዊ በሆነ መስተንግዶ እናደርስልዎታለን እኛን ስለመረጡ እናመሰግናለን ለሱቅ ነጋዴዋች እና ብዛት ተረካቢዎች ባስተያየት እናስረክባለን ጥያቄዎን እና አስተያየቶን ሳንዘገይ እንመልስልዎታለን ለበለጠ መረጃ,./media\photo_500.jpg
-1001866685679,2024-01-30T19:03:34+00:00,ታላቅ ቅናሽ በ ጫማ በሁሉም ጫማዎቻችን ላይ ለ ቀን የሚቆይ የ20 ቅናሽ ማድረጋችንን ስንገልፅ በደስታ ነው ዛሬዉኑ ይዘዙን ባስቀመጥንልዎ ቀነቀጠሮ በጥራት በፍጥነት እና ቤተሰባዊ በሆነ መስተንግዶ እናደርስልዎታለን እኛን ስለመረጡ እናመሰግናለን ለሱቅ ነጋዴዋች እና ብዛት ተረካቢዎች ባስተያየት እናስረክባለን ጥያቄዎን እና አስተያየቶን ሳንዘገይ እንመልስልዎታለን ለበለጠ መረጃ,./media\photo_498.jpg
-1001866685679,2024-01-13T12:58:13+00:00,እንኳን ለገና በአል በሰላም አደረሳችሁ ልዩ የገና በአል ቅናሽ በሁሉም ጫማዎቻችን ላይ ለ ቀን የሚቆይ የ20 ቅናሽ ማድረጋችንን ስንገልፅ በደስታ ነው ዛሬዉኑ ይዘዙን ባስቀመጥንልዎ ቀነቀጠሮ በጥራት በፍጥነት እና ቤተሰባዊ በሆነ መስተንግዶ እናደርስልዎታለን እኛን ስለመረጡ እናመሰግናለን ለሱቅ ነጋዴዋች እና ብዛት ተረካቢዎች ባስተያየት እናስረክባለን ጥያቄዎን እና አስተያየቶን ሳንዘገይ እንመልስልዎታለን ለበለጠ መረጃ,./media\photo_491.jpg
-1001866685679,2024-01-13T12:51:40+00:00,እንኳን ለገና በአል በሰላም አደረሳችሁ ልዩ የገና በአል ቅናሽ በሁሉም ጫማዎቻችን ላይ ለ ቀን የሚቆይ የ20 ቅናሽ ማድረጋችንን ስንገልፅ በደስታ ነው ዛሬዉኑ ይዘዙን ባስቀመጥንልዎ ቀነቀጠሮ በጥራት በፍጥነት እና ቤተሰባዊ በሆነ መስተንግዶ እናደርስልዎታለን እኛን ስለመረጡ እናመሰግናለን ለሱቅ ነጋዴዋች እና ብዛት ተረካቢዎች ባስተያየት እናስረክባለን ጥያቄዎን እና አስተያየቶን ሳንዘገይ እንመልስልዎታለን ለበለጠ መረጃ,./media\photo_489.jpg
-1001866685679,2024-01-13T12:50:15+00:00,እንኳን ለገና በአል በሰላም አደረሳችሁ ልዩ የገና በአል ቅናሽ በሁሉም ጫማዎቻችን ላይ ለ ቀን የሚቆይ የ20 ቅናሽ ማድረጋችንን ስንገልፅ በደስታ ነው ዛሬዉኑ ይዘዙን ባስቀመጥንልዎ ቀነቀጠሮ በጥራት በፍጥነት እና ቤተሰባዊ በሆነ መስተንግዶ እናደርስልዎታለን እኛን ስለመረጡ እናመሰግናለን ለሱቅ ነጋዴዋች እና ብዛት ተረካቢዎች ባስተያየት እናስረክባለን ጥያቄዎን እና አስተያየቶን ሳንዘገይ እንመልስልዎታለን ለበለጠ መረጃ,./media\photo_487.jpg
-1001866685679,2024-01-07T04:17:37+00:00,ለመላው የክርስትና እምነት ተከታዮች በሙሉ እንኳን ለጌታችን ለመድሀኒታችን ለእየሱስ ክርስቶስ የልደት በአል በሰላም አደረሳችሁ መልካም የገና ልደት,./media\photo_485.jpg
-1001866685679,2024-01-06T19:18:55+00:00,እንኳን ለገና በአል በሰላም አደረሳችሁ ልዩ የገና በአል ቅናሽ በሁሉም ጫማዎቻችን ላይ ለ ቀን የሚቆይ የ20 ቅናሽ ማድረጋችንን ስንገልፅ በደስታ ነው ዛሬዉኑ ይዘዙን ባስቀመጥንልዎ ቀነቀጠሮ በጥራት በፍጥነት እና ቤተሰባዊ በሆነ መስተንግዶ እናደርስልዎታለን እኛን ስለመረጡ እናመሰግናለን ለሱቅ ነጋዴዋች እና ብዛት ተረካቢዎች ባስተያየት እናስረክባለን ጥያቄዎን እና አስተያየቶን ሳንዘገይ እንመልስልዎታለን ለበለጠ መረጃ,Web page URL: https://t.me/chuchushoes
-1001866685679,2024-01-05T18:33:40+00:00,ታላቅ ቅናሽ በ ጫማ በሁሉም ጫማዎቻችን ላይ ለ ቀን የሚቆይ የ20 ቅናሽ ማድረጋችንን ስንገልፅ በደስታ ነው ዛሬዉኑ ይዘዙን ባስቀመጥንልዎ ቀነቀጠሮ በጥራት በፍጥነት እና ቤተሰባዊ በሆነ መስተንግዶ እናደርስልዎታለን እኛን ስለመረጡ እናመሰግናለን ለሱቅ ነጋዴዋች እና ብዛት ተረካቢዎች ባስተያየት እናስረክባለን ጥያቄዎን እና አስተያየቶን ሳንዘገይ እንመልስልዎታለን ለበለጠ መረጃ,./media\photo_482.jpg
-1001866685679,2024-01-05T18:32:45+00:00,ታላቅ ቅናሽ በሁሉም ጫማዎቻችን ላይ ለ ቀን የሚቆይ የ20 ቅናሽ ማድረጋችንን ስንገልፅ በደስታ ነው ዛሬዉኑ ይዘዙን ባስቀመጥንልዎ ቀነቀጠሮ በጥራት በፍጥነት እና ቤተሰባዊ በሆነ መስተንግዶ እናደርስልዎታለን እኛን ስለመረጡ እናመሰግናለን ለሱቅ ነጋዴዋች እና ብዛት ተረካቢዎች ባስተያየት እናስረክባለን ጥያቄዎን እና አስተያየቶን ሳንዘገይ እንመልስልዎታለን ለበለጠ መረጃ,./media\photo_480.jpg
-1001866685679,2023-12-29T18:49:04+00:00,ታላቅ ቅናሽ በሁሉም ጫማዎቻችን ላይ ለ ቀን የሚቆይ የ20 ቅናሽ ማድረጋችንን ስንገልፅ በደስታ ነው ዛሬዉኑ ይዘዙን ባስቀመጥንልዎ ቀነቀጠሮ በጥራት በፍጥነት እና ቤተሰባዊ በሆነ መስተንግዶ እናደርስልዎታለን እኛን ስለመረጡ እናመሰግናለን ለሱቅ ነጋዴዋች እና ብዛት ተረካቢዎች ባስተያየት እናስረክባለን ጥያቄዎን እና አስተያየቶን ሳንዘገይ እንመልስልዎታለን ለበለጠ መረጃ,./media\photo_475.jpg
-1001866685679,2023-12-29T18:47:43+00:00,ታላቅ ቅናሽ በሁሉም ጫማዎቻችን ላይ ለ ቀን የሚቆይ የ20 ቅናሽ ማድረጋችንን ስንገልፅ በደስታ ነው ዛሬዉኑ ይዘዙን ባስቀመጥንልዎ ቀነቀጠሮ በጥራት በፍጥነት እና ቤተሰባዊ በሆነ መስተንግዶ እናደርስልዎታለን እኛን ስለመረጡ እናመሰግናለን ለሱቅ ነጋዴዋች እና ብዛት ተረካቢዎች ባስተያየት እናስረክባለን ጥያቄዎን እና አስተያየቶን ሳንዘገይ እንመልስልዎታለን ለበለጠ መረጃ,./media\photo_473.jpg
-1001866685679,2023-12-29T18:46:23+00:00,ታላቅ ቅናሽ በሁሉም ጫማዎቻችን ላይ ለ ቀን የሚቆይ የ20 ቅናሽ ማድረጋችንን ስንገልፅ በደስታ ነው ዛሬዉኑ ይዘዙን ባስቀመጥንልዎ ቀነቀጠሮ በጥራት በፍጥነት እና ቤተሰባዊ በሆነ መስተንግዶ እናደርስልዎታለን እኛን ስለመረጡ እናመሰግናለን ለሱቅ ነጋዴዋች እና ብዛት ተረካቢዎች ባስተያየት እናስረክባለን ጥያቄዎን እና አስተያየቶን ሳንዘገይ እንመልስልዎታለን ለበለጠ መረጃ,./media\photo_470.jpg
-1001866685679,2023-12-29T18:45:02+00:00,ታላቅ ቅናሽ በሁሉም ጫማዎቻችን ላይ ለ ቀን የሚቆይ የ20 ቅናሽ ማድረጋችንን ስንገልፅ በደስታ ነው ዛሬዉኑ ይዘዙን ባስቀመጥንልዎ ቀነቀጠሮ በጥራት በፍጥነት እና ቤተሰባዊ በሆነ መስተንግዶ እናደርስልዎታለን እኛን ስለመረጡ እናመሰግናለን ለሱቅ ነጋዴዋች እና ብዛት ተረካቢዎች ባስተያየት እናስረክባለን ጥያቄዎን እና አስተያየቶን ሳንዘገይ እንመልስልዎታለን ለበለጠ መረጃ,./media\photo_467.jpg
-1001866685679,2023-12-29T18:44:16+00:00,ታላቅ ቅናሽ በሁሉም ጫማዎቻችን ላይ ለ ቀን የሚቆይ የ20 ቅናሽ ማድረጋችንን ስንገልፅ በደስታ ነው ዛሬዉኑ ይዘዙን ባስቀመጥንልዎ ቀነቀጠሮ በጥራት በፍጥነት እና ቤተሰባዊ በሆነ መስተንግዶ እናደርስልዎታለን እኛን ስለመረጡ እናመሰግናለን ለሱቅ ነጋዴዋች እና ብዛት ተረካቢዎች ባስተያየት እናስረክባለን ጥያቄዎን እና አስተያየቶን ሳንዘገይ እንመልስልዎታለን ለበለጠ መረጃ,./media\photo_465.jpg
-1001866685679,2023-12-29T18:42:57+00:00,ታላቅ ቅናሽ በሁሉም ጫማዎቻችን ላይ ለ ቀን የሚቆይ የ20 ቅናሽ ማድረጋችንን ስንገልፅ በደስታ ነው ዛሬዉኑ ይዘዙን ባስቀመጥንልዎ ቀነቀጠሮ በጥራት በፍጥነት እና ቤተሰባዊ በሆነ መስተንግዶ እናደርስልዎታለን እኛን ስለመረጡ እናመሰግናለን ለሱቅ ነጋዴዋች እና ብዛት ተረካቢዎች ባስተያየት እናስረክባለን ጥያቄዎን እና አስተያየቶን ሳንዘገይ እንመልስልዎታለን ለበለጠ መረጃ,./media\photo_462.jpg
-1001866685679,2023-12-29T18:42:02+00:00,ታላቅ ቅናሽ በሁሉም ጫማዎቻችን ላይ ለ ቀን የሚቆይ የ20 ቅናሽ ማድረጋችንን ስንገልፅ በደስታ ነው ዛሬዉኑ ይዘዙን ባስቀመጥንልዎ ቀነቀጠሮ በጥራት በፍጥነት እና ቤተሰባዊ በሆነ መስተንግዶ እናደርስልዎታለን እኛን ስለመረጡ እናመሰግናለን ለሱቅ ነጋዴዋች እና ብዛት ተረካቢዎች ባስተያየት እናስረክባለን ጥያቄዎን እና አስተያየቶን ሳንዘገይ እንመልስልዎታለን ለበለጠ መረጃ,./media\photo_460.jpg
-1001866685679,2023-12-29T18:41:18+00:00,ታላቅ ቅናሽ በሁሉም ጫማዎቻችን ላይ ለ ቀን የሚቆይ የ20 ቅናሽ ማድረጋችንን ስንገልፅ በደስታ ነው ዛሬዉኑ ይዘዙን ባስቀመጥንልዎ ቀነቀጠሮ በጥራት በፍጥነት እና ቤተሰባዊ በሆነ መስተንግዶ እናደርስልዎታለን እኛን ስለመረጡ እናመሰግናለን ለሱቅ ነጋዴዋች እና ብዛት ተረካቢዎች ባስተያየት እናስረክባለን ጥያቄዎን እና አስተያየቶን ሳንዘገይ እንመልስልዎታለን ለበለጠ መረጃ,./media\photo_458.jpg
-1001866685679,2023-12-29T18:40:31+00:00,ታላቅ ቅናሽ በሁሉም ጫማዎቻችን ላይ ለ ቀን የሚቆይ የ20 ቅናሽ ማድረጋችንን ስንገልፅ በደስታ ነው ዛሬዉኑ ይዘዙን ባስቀመጥንልዎ ቀነቀጠሮ በጥራት በፍጥነት እና ቤተሰባዊ በሆነ መስተንግዶ እናደርስልዎታለን እኛን ስለመረጡ እናመሰግናለን ለሱቅ ነጋዴዋች እና ብዛት ተረካቢዎች ባስተያየት እናስረክባለን ጥያቄዎን እና አስተያየቶን ሳንዘገይ እንመልስልዎታለን ለበለጠ መረጃ,./media\photo_455.jpg
-1001866685679,2023-12-15T13:22:13+00:00,ታላቅ ቅናሽ በሁሉም ጫማዎቻችን ላይ ለ ቀን የሚቆይ የ20 ቅናሽ ማድረጋችንን ስንገልፅ በደስታ ነው ዛሬዉኑ ይዘዙን ባስቀመጥንልዎ ቀነቀጠሮ በጥራት በፍጥነት እና ቤተሰባዊ በሆነ መስተንግዶ እናደርስልዎታለን እኛን ስለመረጡ እናመሰግናለን ለሱቅ ነጋዴዋች እና ብዛት ተረካቢዎች ባስተያየት እናስረክባለን ጥያቄዎን እና አስተያየቶን ሳንዘገይ እንመልስልዎታለን ለበለጠ መረጃ,./media\photo_453.jpg
-1001866685679,2023-12-06T18:29:06+00:00,ታላቅ ቅናሽ በሁሉም ጫማዎቻችን ላይ ለ ቀን የሚቆይ የ20 ቅናሽ ማድረጋችንን ስንገልፅ በደስታ ነው ዛሬዉኑ ይዘዙን ባስቀመጥንልዎ ቀነቀጠሮ በጥራት በፍጥነት እና ቤተሰባዊ በሆነ መስተንግዶ እናደርስልዎታለን እኛን ስለመረጡ እናመሰግናለን ለሱቅ ነጋዴዋች እና ብዛት ተረካቢዎች ባስተያየት እናስረክባለን ጥያቄዎን እና አስተያየቶን ሳንዘገይ እንመልስልዎታለን ለበለጠ መረጃ,./media\photo_451.jpg
-1001866685679,2023-12-06T18:28:58+00:00,ታላቅ ቅናሽ በሁሉም ጫማዎቻችን ላይ ለ ቀን የሚቆይ የ20 ቅናሽ ማድረጋችንን ስንገልፅ በደስታ ነው ዛሬዉኑ ይዘዙን ባስቀመጥንልዎ ቀነቀጠሮ በጥራት በፍጥነት እና ቤተሰባዊ በሆነ መስተንግዶ እናደርስልዎታለን እኛን ስለመረጡ እናመሰግናለን ለሱቅ ነጋዴዋች እና ብዛት ተረካቢዎች ባስተያየት እናስረክባለን ጥያቄዎን እና አስተያየቶን ሳንዘገይ እንመልስልዎታለን ለበለጠ መረጃ,./media\photo_449.jpg
-1001866685679,2023-12-06T18:28:41+00:00,ታላቅ ቅናሽ በሁሉም ጫማዎቻችን ላይ ለ ቀን የሚቆይ የ20 ቅናሽ ማድረጋችንን ስንገልፅ በደስታ ነው ዛሬዉኑ ይዘዙን ባስቀመጥንልዎ ቀነቀጠሮ በጥራት በፍጥነት እና ቤተሰባዊ በሆነ መስተንግዶ እናደርስልዎታለን እኛን ስለመረጡ እናመሰግናለን ለሱቅ ነጋዴዋች እና ብዛት ተረካቢዎች ባስተያየት እናስረክባለን ጥያቄዎን እና አስተያየቶን ሳንዘገይ እንመልስልዎታለን ለበለጠ መረጃ,./media\photo_447.jpg
-1001866685679,2023-12-02T09:20:13+00:00,ታላቅ ቅናሽ በሁሉም ጫማዎቻችን ላይ ለ ቀን የሚቆይ የ20 ቅናሽ ማድረጋችንን ስንገልፅ በደስታ ነው ዛሬዉኑ ይዘዙን ባስቀመጥንልዎ ቀነቀጠሮ በጥራት በፍጥነት እና ቤተሰባዊ በሆነ መስተንግዶ እናደርስልዎታለን እኛን ስለመረጡ እናመሰግናለን ለሱቅ ነጋዴዋች እና ብዛት ተረካቢዎች ባስተያየት እናስረክባለን ጥያቄዎን እና አስተያየቶን ሳንዘገይ እንመልስልዎታለን ለበለጠ መረጃ,Web page URL: https://t.me/chuchushoes
-1001866685679,2023-12-02T07:43:42+00:00,ታላቅ ቅናሽ በሁሉም ጫማዎቻችን ላይ ለ ቀን የሚቆይ የ20 ቅናሽ ማድረጋችንን ስንገልፅ በደስታ ነው ዛሬዉኑ ይዘዙን ባስቀመጥንልዎ ቀነቀጠሮ በጥራት በፍጥነት እና ቤተሰባዊ በሆነ መስተንግዶ እናደርስልዎታለን እኛን ስለመረጡ እናመሰግናለን ለሱቅ ነጋዴዋች እና ብዛት ተረካቢዎች ባስተያየት እናስረክባለን ጥያቄዎን እና አስተያየቶን ሳንዘገይ እንመልስልዎታለን ለበለጠ መረጃ,./media\photo_444.jpg
-1001866685679,2023-12-02T07:40:20+00:00,ታላቅ ቅናሽ በሁሉም ጫማዎቻችን ላይ ለ ቀን የሚቆይ የ20 ቅናሽ ማድረጋችንን ስንገልፅ በደስታ ነው ዛሬዉኑ ይዘዙን ባስቀመጥንልዎ ቀነቀጠሮ በጥራት በፍጥነት እና ቤተሰባዊ በሆነ መስተንግዶ እናደርስልዎታለን እኛን ስለመረጡ እናመሰግናለን ለሱቅ ነጋዴዋች እና ብዛት ተረካቢዎች ባስተያየት እናስረክባለን ጥያቄዎን እና አስተያየቶን ሳንዘገይ እንመልስልዎታለን ለበለጠ መረጃ,./media\photo_443.jpg
-1001866685679,2023-12-02T07:39:25+00:00,ታላቅ ቅናሽ በሁሉም ጫማዎቻችን ላይ ለ ቀን የሚቆይ የ20 ቅናሽ ማድረጋችንን ስንገልፅ በደስታ ነው ዛሬዉኑ ይዘዙን ባስቀመጥንልዎ ቀነቀጠሮ በጥራት በፍጥነት እና ቤተሰባዊ በሆነ መስተንግዶ እናደርስልዎታለን እኛን ስለመረጡ እናመሰግናለን ለሱቅ ነጋዴዋች እና ብዛት ተረካቢዎች ባስተያየት እናስረክባለን ጥያቄዎን እና አስተያየቶን ሳንዘገይ እንመልስልዎታለን ለበለጠ መረጃ,./media\photo_442.jpg
-1001866685679,2023-12-02T07:34:30+00:00,ታላቅ ቅናሽ በሁሉም ጫማዎቻችን ላይ ለ ቀን የሚቆይ የ20 ቅናሽ ማድረጋችንን ስንገልፅ በደስታ ነው ዛሬዉኑ ይዘዙን ባስቀመጥንልዎ ቀነቀጠሮ በጥራት በፍጥነት እና ቤተሰባዊ በሆነ መስተንግዶ እናደርስልዎታለን እኛን ስለመረጡ እናመሰግናለን ለሱቅ ነጋዴዋች እና ብዛት ተረካቢዎች ባስተያየት እናስረክባለን ጥያቄዎን እና አስተያየቶን ሳንዘገይ እንመልስልዎታለን ለበለጠ መረጃ,./media\photo_437.jpg
-1001866685679,2023-12-02T07:32:55+00:00,ታላቅ ቅናሽ በሁሉም ጫማዎቻችን ላይ ለ ቀን የሚቆይ የ20 ቅናሽ ማድረጋችንን ስንገልፅ በደስታ ነው ዛሬዉኑ ይዘዙን ባስቀመጥንልዎ ቀነቀጠሮ በጥራት በፍጥነት እና ቤተሰባዊ በሆነ መስተንግዶ እናደርስልዎታለን እኛን ስለመረጡ እናመሰግናለን ለሱቅ ነጋዴዋች እና ብዛት ተረካቢዎች ባስተያየት እናስረክባለን ጥያቄዎን እና አስተያየቶን ሳንዘገይ እንመልስልዎታለን ለበለጠ መረጃ,./media\photo_435.jpg
-1001866685679,2023-12-02T07:31:34+00:00,ታላቅ ቅናሽ በሁሉም ጫማዎቻችን ላይ ለ ቀን የሚቆይ የ20 ቅናሽ ማድረጋችንን ስንገልፅ በደስታ ነው ዛሬዉኑ ይዘዙን ባስቀመጥንልዎ ቀነቀጠሮ በጥራት በፍጥነት እና ቤተሰባዊ በሆነ መስተንግዶ እናደርስልዎታለን እኛን ስለመረጡ እናመሰግናለን ለሱቅ ነጋዴዋች እና ብዛት ተረካቢዎች ባስተያየት እናስረክባለን ጥያቄዎን እና አስተያየቶን ሳንዘገይ እንመልስልዎታለን ለበለጠ መረጃ,./media\photo_433.jpg
-1001866685679,2023-12-02T07:29:23+00:00,ታላቅ ቅናሽ በሁሉም ጫማዎቻችን ላይ ለ ቀን የሚቆይ የ20 ቅናሽ ማድረጋችንን ስንገልፅ በደስታ ነው ዛሬዉኑ ይዘዙን ባስቀመጥንልዎ ቀነቀጠሮ በጥራት በፍጥነት እና ቤተሰባዊ በሆነ መስተንግዶ እናደርስልዎታለን እኛን ስለመረጡ እናመሰግናለን ለሱቅ ነጋዴዋች እና ብዛት ተረካቢዎች ባስተያየት እናስረክባለን ጥያቄዎን እና አስተያየቶን ሳንዘገይ እንመልስልዎታለን ለበለጠ መረጃ,./media\photo_431.jpg
-1001866685679,2023-11-27T12:49:24+00:00,ዛሬዉኑ ይዘዙን ባስቀመጥንልዎ ቀነቀጠሮ በጥራት በፍጥነት እና ቤተሰባዊ በሆነ መስተንግዶ እናደርስልዎታለን እኛን ስለመረጡ እናመሰግናለን ለሱቅ ነጋዴዋች እና ብዛት ተረካቢዎች ባስተያየት እናስረክባለን ጥቄዎን እና አስተያየቶን ሳንዘገይ እንመልስልዎታለን ለበለጠ መረጃ,./media\photo_430.jpg
-1001866685679,2023-11-25T13:05:43+00:00,አዳዲስ ብራንድ የሆኑ ጫማዎች እኛ ጋር በተመጣጣኝ ዋጋ ያገኛሉ ያሉበት ቦታ እናደርሳለን ለተጨማሪ መረጃ ቴሌግራም ቻናላችንን ይቀላቀሉ,./media\photo_427.jpg
-1001866685679,2023-11-25T12:37:13+00:00,አዳዲስ ብራንድ የሆኑ ጫማዎች እኛ ጋር በተመጣጣኝ ዋጋ ያገኛሉ ያሉበት ቦታ እናደርሳለን ለተጨማሪ መረጃ ቴሌግራም ቻናላችንን ይቀላቀሉ,./media\photo_424.jpg
-1001866685679,2023-11-25T12:30:56+00:00,አዳዲስ ብራንድ የሆኑ ጫማዎች እኛ ጋር በተመጣጣኝ ዋጋ ያገኛሉ ያሉበት ቦታ እናደርሳለን ለተጨማሪ መረጃ ቴሌግራም ቻናላችንን ይቀላቀሉ,./media\photo_421.jpg
-1001866685679,2023-11-02T10:27:57+00:00,አዳዲስ ብራንድ የሆኑ ጫማዎች እኛ ጋር በተመጣጣኝ ዋጋ ያገኛሉ ያሉበት ቦታ እናደርሳለን ለተጨማሪ መረጃ ቴሌግራም ቻናላችንን ይቀላቀሉ,./media\photo_411.jpg
-1001866685679,2023-11-02T10:26:09+00:00,አዳዲስ ብራንድ የሆኑ ጫማዎች እኛ ጋር በተመጣጣኝ ዋጋ ያገኛሉ ያሉበት ቦታ እናደርሳለን ለተጨማሪ መረጃ ቴሌግራም ቻናላችንን ይቀላቀሉ,./media\photo_409.jpg
-1001866685679,2023-11-02T10:23:25+00:00,አዳዲስ ብራንድ የሆኑ ጫማዎች እኛ ጋር በተመጣጣኝ ዋጋ ያገኛሉ ያሉበት ቦታ እናደርሳለን ለተጨማሪ መረጃ ቴሌግራም ቻናላችንን ይቀላቀሉ,./media\photo_407.jpg
-1001866685679,2023-11-02T10:22:07+00:00,አዳዲስ ብራንድ የሆኑ ጫማዎች እኛ ጋር በተመጣጣኝ ዋጋ ያገኛሉ ያሉበት ቦታ እናደርሳለን ለተጨማሪ መረጃ ቴሌግራም ቻናላችንን ይቀላቀሉ,./media\photo_405.jpg
-1001866685679,2023-11-02T10:20:18+00:00,አዳዲስ ብራንድ የሆኑ ጫማዎች እኛ ጋር በተመጣጣኝ ዋጋ ያገኛሉ ያሉበት ቦታ እናደርሳለን ለተጨማሪ መረጃ ቴሌግራም ቻናላችንን ይቀላቀሉ,./media\photo_403.jpg
-1001866685679,2023-11-02T10:19:16+00:00,አዳዲስ ብራንድ የሆኑ ጫማዎች እኛ ጋር በተመጣጣኝ ዋጋ ያገኛሉ ያሉበት ቦታ እናደርሳለን ለተጨማሪ መረጃ ቴሌግራም ቻናላችንን ይቀላቀሉ,./media\photo_401.jpg
-1001866685679,2023-10-13T19:23:15+00:00,አዳዲስ ብራንድ የሆኑ ጫማዎች እኛ ጋር በተመጣጣኝ ዋጋ ያገኛሉ ያሉበት ቦታ እናደርሳለን ለተጨማሪ መረጃ ቴሌግራም ቻናላችንን ይቀላቀሉ,./media\photo_394.jpg
-1001866685679,2023-10-13T19:22:46+00:00,አዳዲስ ብራንድ የሆኑ ጫማዎች እኛ ጋር በተመጣጣኝ ዋጋ ያገኛሉ ያሉበት ቦታ እናደርሳለን ለተጨማሪ መረጃ ቴሌግራም ቻናላችንን ይቀላቀሉ,./media\photo_392.jpg
-1001866685679,2023-10-13T19:21:56+00:00,አዳዲስ ብራንድ የሆኑ ጫማዎች እኛ ጋር በተመጣጣኝ ዋጋ ያገኛሉ ያሉበት ቦታ እናደርሳለን ለተጨማሪ መረጃ ቴሌግራም ቻናላችንን ይቀላቀሉ,./media\photo_390.jpg
-1001866685679,2023-10-13T19:20:57+00:00,አዳዲስ ብራንድ የሆኑ ጫማዎች እኛ ጋር በተመጣጣኝ ዋጋ ያገኛሉ ያሉበት ቦታ እናደርሳለን ለተጨማሪ መረጃ ቴሌግራም ቻናላችንን ይቀላቀሉ,./media\photo_388.jpg
-1001866685679,2023-10-13T19:19:58+00:00,አዳዲስ ብራንድ የሆኑ ጫማዎች እኛ ጋር በተመጣጣኝ ዋጋ ያገኛሉ ያሉበት ቦታ እናደርሳለን ለተጨማሪ መረጃ ቴሌግራም ቻናላችንን ይቀላቀሉ,./media\photo_386.jpg
-1001866685679,2023-09-16T08:15:46+00:00,አዳዲስ ብራንድ የሆኑ ጫማዎች እኛ ጋር በተመጣጣኝ ዋጋ ያገኛሉ ያሉበት ቦታ እናደርሳለን ለተጨማሪ መረጃ ቴሌግራም ቻናላችንን ይቀላቀሉ,./media\photo_375.jpg
-1001866685679,2023-09-16T08:14:34+00:00,አዳዲስ ብራንድ የሆኑ ጫማዎች እኛ ጋር በተመጣጣኝ ዋጋ ያገኛሉ ያሉበት ቦታ እናደርሳለን ለተጨማሪ መረጃ ቴሌግራም ቻናላችንን ይቀላቀሉ,./media\photo_373.jpg
-1001866685679,2023-09-16T08:10:27+00:00,አዳዲስ ብራንድ የሆኑ ጫማዎች እኛ ጋር በተመጣጣኝ ዋጋ ያገኛሉ ያሉበት ቦታ እናደርሳለን ለተጨማሪ መረጃ ቴሌግራም ቻናላችንን ይቀላቀሉ ለሱቅ ነጋዴዋች እና ብዛት ተረካቢዎች ባስተያየት እናስረክባለን ጥያቄዎን እና አስተያየቶን ሳንዘገይ እንመልስልዎታለን,./media\photo_371.jpg
-1001866685679,2023-09-16T08:09:28+00:00,አዳዲስ ብራንድ የሆኑ ጫማዎች እኛ ጋር በተመጣጣኝ ዋጋ ያገኛሉ ያሉበት ቦታ እናደርሳለን ለተጨማሪ መረጃ ቴሌግራም ቻናላችንን ይቀላቀሉ,./media\photo_369.jpg
-1001866685679,2023-09-16T08:08:21+00:00,አዳዲስ ብራንድ የሆኑ ጫማዎች እኛ ጋር በተመጣጣኝ ዋጋ ያገኛሉ ያሉበት ቦታ እናደርሳለን ለተጨማሪ መረጃ ቴሌግራም ቻናላችንን ይቀላቀሉ ለሱቅ ነጋዴዋች እና ብዛት ተረካቢዎች ባስተያየት እናስረክባለን ጥያቄዎን እና አስተያየቶን ሳንዘገይ እንመልስልዎታለን,./media\photo_367.jpg
-1001866685679,2023-09-16T08:06:52+00:00,አዳዲስ ብራንድ የሆኑ ጫማዎች እኛ ጋር በተመጣጣኝ ዋጋ ያገኛሉ ያሉበት ቦታ እናደርሳለን ለተጨማሪ መረጃ ቴሌግራም ቻናላችንን ይቀላቀሉ,./media\photo_365.jpg
-1001866685679,2023-09-16T08:05:35+00:00,አዳዲስ ብራንድ የሆኑ ጫማዎች እኛ ጋር በተመጣጣኝ ዋጋ ያገኛሉ ያሉበት ቦታ እናደርሳለን ለተጨማሪ መረጃ ቴሌግራም ቻናላችንን ይቀላቀሉ,./media\photo_363.jpg
-1001866685679,2023-09-16T08:04:19+00:00,አዳዲስ ብራንድ የሆኑ ጫማዎች እኛ ጋር በተመጣጣኝ ዋጋ ያገኛሉ ያሉበት ቦታ እናደርሳለን ለተጨማሪ መረጃ ቴሌግራም ቻናላችንን ይቀላቀሉ,./media\photo_362.jpg
-1001866685679,2023-09-16T08:02:50+00:00,አዳዲስ ብራንድ የሆኑ ጫማዎች እኛ ጋር በተመጣጣኝ ዋጋ ያገኛሉ ያሉበት ቦታ እናደርሳለን ለተጨማሪ መረጃ ቴሌግራም ቻናላችንን ይቀላቀሉ,./media\photo_360.jpg
-1001866685679,2023-09-12T04:49:30+00:00,መልካም አዲስ ዓመት አዲሱ ዓመት የሰላም የፍቅር የጤና እንዲሁም መልካም ዜና የምንሰማበት ዓመት ያድርግልን,Web page URL: https://t.me/chuchushoes
-1001866685679,2023-09-08T06:44:09+00:00,ልዩ የአዲስ አመት ቅናሽ በሁሉም ጫማዎቻችን ላይ ለ ቀን የሚቆይ የ20 ቅናሽ ማድረጋችንን ስንገልፅ በደስታ ነው ዛሬዉኑ ይዘዙን ባስቀመጥንልዎ ቀነቀጠሮ በጥራት በፍጥነት እና ቤተሰባዊ በሆነ መስተንግዶ እናደርስልዎታለን እኛን ስለመረጡ እናመሰግናለን ለሱቅ ነጋዴዋች እና ብዛት ተረካቢዎች ባስተያየት እናስረክባለን ጥያቄዎን እና አስተያየቶን ሳንዘገይ እንመልስልዎታለን ለበለጠ መረጃ,./media\photo_354.jpg
-1001866685679,2023-09-07T17:59:37+00:00,ልዩ የአዲስ አመት ቅናሽ በሁሉም ጫማዎቻችን ላይ ለ ቀን የሚቆይ የ20 ቅናሽ ማድረጋችንን ስንገልፅ በደስታ ነው ዛሬዉኑ ይዘዙን ባስቀመጥንልዎ ቀነቀጠሮ በጥራት በፍጥነት እና ቤተሰባዊ በሆነ መስተንግዶ እናደርስልዎታለን እኛን ስለመረጡ እናመሰግናለን ለሱቅ ነጋዴዋች እና ብዛት ተረካቢዎች ባስተያየት እናስረክባለን ጥያቄዎን እና አስተያየቶን ሳንዘገይ እንመልስልዎታለን ለበለጠ መረጃ,./media\photo_352.jpg
-1001866685679,2023-09-07T17:59:31+00:00,ልዩ የአዲስ አመት ቅናሽ በሁሉም ጫማዎቻችን ላይ ለ ቀን የሚቆይ የ20 ቅናሽ ማድረጋችንን ስንገልፅ በደስታ ነው ዛሬዉኑ ይዘዙን ባስቀመጥንልዎ ቀነቀጠሮ በጥራት በፍጥነት እና ቤተሰባዊ በሆነ መስተንግዶ እናደርስልዎታለን እኛን ስለመረጡ እናመሰግናለን ለሱቅ ነጋዴዋች እና ብዛት ተረካቢዎች ባስተያየት እናስረክባለን ጥያቄዎን እና አስተያየቶን ሳንዘገይ እንመልስልዎታለን ለበለጠ መረጃ,./media\photo_350.jpg
-1001866685679,2023-09-07T17:59:27+00:00,ልዩ የአዲስ አመት ቅናሽ በሁሉም ጫማዎቻችን ላይ ለ ቀን የሚቆይ የ20 ቅናሽ ማድረጋችንን ስንገልፅ በደስታ ነው ዛሬዉኑ ይዘዙን ባስቀመጥንልዎ ቀነቀጠሮ በጥራት በፍጥነት እና ቤተሰባዊ በሆነ መስተንግዶ እናደርስልዎታለን እኛን ስለመረጡ እናመሰግናለን ለሱቅ ነጋዴዋች እና ብዛት ተረካቢዎች ባስተያየት እናስረክባለን ጥያቄዎን እና አስተያየቶን ሳንዘገይ እንመልስልዎታለን ለበለጠ መረጃ,./media\photo_348.jpg
-1001866685679,2023-09-07T17:59:18+00:00,ልዩ የአዲስ አመት ቅናሽ በሁሉም ጫማዎቻችን ላይ ለ ቀን የሚቆይ የ20 ቅናሽ ማድረጋችንን ስንገልፅ በደስታ ነው ዛሬዉኑ ይዘዙን ባስቀመጥንልዎ ቀነቀጠሮ በጥራት በፍጥነት እና ቤተሰባዊ በሆነ መስተንግዶ እናደርስልዎታለን እኛን ስለመረጡ እናመሰግናለን ለሱቅ ነጋዴዋች እና ብዛት ተረካቢዎች ባስተያየት እናስረክባለን ጥያቄዎን እና አስተያየቶን ሳንዘገይ እንመልስልዎታለን ለበለጠ መረጃ,./media\photo_346.jpg
-1001866685679,2023-09-07T14:38:17+00:00,ልዩ የአድስ አመት ቅናሽ በሁሉም ጫማዎቻችን ላይ ለ ቀን የሚቆይ የ20 ቅናሽ ማድረጋችንን ስንገልፅ በደስታ ነው ዛሬዉኑ ይዘዙን ባስቀመጥንልዎ ቀነቀጠሮ በጥራት በፍጥነት እና ቤተሰባዊ በሆነ መስተንግዶ እናደርስልዎታለን እኛን ስለመረጡ እናመሰግናለን ለሱቅ ነጋዴዋች እና ብዛት ተረካቢዎች ባስተያየት እናስረክባለን ጥያቄዎን እና አስተያየቶን ሳንዘገይ እንመልስልዎታለን ለበለጠ መረጃ,./media\photo_344.jpg
-1001866685679,2023-09-07T14:37:00+00:00,ልዩ የአድስ አመት ቅናሽ በሁሉም ጫማዎቻችን ላይ ለ ቀን የሚቆይ የ20 ቅናሽ ማድረጋችንን ስንገልፅ በደስታ ነው ዛሬዉኑ ይዘዙን ባስቀመጥንልዎ ቀነቀጠሮ በጥራት በፍጥነት እና ቤተሰባዊ በሆነ መስተንግዶ እናደርስልዎታለን እኛን ስለመረጡ እናመሰግናለን ለሱቅ ነጋዴዋች እና ብዛት ተረካቢዎች ባስተያየት እናስረክባለን ጥያቄዎን እና አስተያየቶን ሳንዘገይ እንመልስልዎታለን ለበለጠ መረጃ,./media\photo_338.jpg
-1001866685679,2023-09-07T12:13:07+00:00,ልዩ የአድስ አመት ቅናሽ በሁሉም ጫማዎቻችን ላይ ለ ቀን የሚቆይ የ20 ቅናሽ ማድረጋችንን ስንገልፅ በደስታ ነው ዛሬዉኑ ይዘዙን ባስቀመጥንልዎ ቀነቀጠሮ በጥራት በፍጥነት እና ቤተሰባዊ በሆነ መስተንግዶ እናደርስልዎታለን እኛን ስለመረጡ እናመሰግናለን ለሱቅ ነጋዴዋች እና ብዛት ተረካቢዎች ባስተያየት እናስረክባለን ጥያቄዎን እና አስተያየቶን ሳንዘገይ እንመልስልዎታለን ለበለጠ መረጃ,./media\photo_337.jpg
-1001866685679,2023-09-07T12:12:42+00:00,ልዩ የአድስ አመት ቅናሽ በሁሉም ጫማዎቻችን ላይ ለ ቀን የሚቆይ የ20 ቅናሽ ማድረጋችንን ስንገልፅ በደስታ ነው ዛሬዉኑ ይዘዙን ባስቀመጥንልዎ ቀነቀጠሮ በጥራት በፍጥነት እና ቤተሰባዊ በሆነ መስተንግዶ እናደርስልዎታለን እኛን ስለመረጡ እናመሰግናለን ለሱቅ ነጋዴዋች እና ብዛት ተረካቢዎች ባስተያየት እናስረክባለን ጥያቄዎን እና አስተያየቶን ሳንዘገይ እንመልስልዎታለን ለበለጠ መረጃ,./media\photo_335.jpg
-1001866685679,2023-09-07T12:11:44+00:00,ልዩ የአድስ አመት ቅናሽ በሁሉም ጫማዎቻችን ላይ ለ ቀን የሚቆይ የ20 ቅናሽ ማድረጋችንን ስንገልፅ በደስታ ነው ዛሬዉኑ ይዘዙን ባስቀመጥንልዎ ቀነቀጠሮ በጥራት በፍጥነት እና ቤተሰባዊ በሆነ መስተንግዶ እናደርስልዎታለን እኛን ስለመረጡ እናመሰግናለን ለሱቅ ነጋዴዋች እና ብዛት ተረካቢዎች ባስተያየት እናስረክባለን ጥያቄዎን እና አስተያየቶን ሳንዘገይ እንመልስልዎታለን ለበለጠ መረጃ,./media\photo_334.jpg
-1001866685679,2023-09-07T11:18:03+00:00,ልዩ የአዲስ አመት ቅናሽ በሁሉም ጫማዎቻችን ላይ ለ ቀን የሚቆይ የ20 ቅናሽ ማድረጋችንን ስንገልፅ በደስታ ነው ዛሬዉኑ ይዘዙን ባስቀመጥንልዎ ቀነቀጠሮ በጥራት በፍጥነት እና ቤተሰባዊ በሆነ መስተንግዶ እናደርስልዎታለን እኛን ስለመረጡ እናመሰግናለን ለሱቅ ነጋዴዋች እና ብዛት ተረካቢዎች ባስተያየት እናስረክባለን ጥያቄዎን እና አስተያየቶን ሳንዘገይ እንመልስልዎታለን ለበለጠ መረጃ,./media\photo_332.jpg
-1001866685679,2023-09-03T06:05:36+00:00,አዳዲስ ብራንድ የሆኑ ጫማዎች እኛ ጋር በተመጣጣኝ ዋጋ ያገኛሉ ያሉበት ቦታ እናደርሳለን ለተጨማሪ መረጃ ቴሌግራም ቻናላችንን ይቀላቀሉ,Web page URL: https://t.me/chuchushoes
-1001866685679,2023-08-26T15:22:36+00:00,አዳዲስ ብራንድ የሆኑ ጫማዎች እኛ ጋር በተመጣጣኝ ዋጋ ያገኛሉ ያሉበት ቦታ እናደርሳለን ለተጨማሪ መረጃ ቴሌግራም ቻናላችንን ይቀላቀሉ,./media\photo_317.jpg
-1001866685679,2023-08-25T15:48:16+00:00,አዳዲስ ብራንድ የሆኑ ጫማዎች እኛ ጋር በተመጣጣኝ ዋጋ ያገኛሉ ያሉበት ቦታ እናደርሳለን ለተጨማሪ መረጃ ቴሌግራም ቻናላችንን ይቀላቀሉ,./media\photo_314.jpg
-1001866685679,2023-08-25T15:46:02+00:00,አዳዲስ ብራንድ የሆኑ ጫማዎች እኛ ጋር በተመጣጣኝ ዋጋ ያገኛሉ ያሉበት ቦታ እናደርሳለን ለተጨማሪ መረጃ ቴሌግራም ቻናላችንን ይቀላቀሉ,./media\photo_313.jpg
-1001866685679,2023-08-25T15:45:17+00:00,አዳዲስ ብራንድ የሆኑ ጫማዎች እኛ ጋር በተመጣጣኝ ዋጋ ያገኛሉ ያሉበት ቦታ እናደርሳለን ለተጨማሪ መረጃ ቴሌግራም ቻናላችንን ይቀላቀሉ,./media\photo_312.jpg
-1001866685679,2023-08-25T15:33:51+00:00,አዳዲስ ብራንድ የሆኑ ጫማዎች እኛ ጋር በተመጣጣኝ ዋጋ ያገኛሉ ያሉበት ቦታ እናደርሳለን ለተጨማሪ መረጃ ቴሌግራም ቻናላችንን ይቀላቀሉ,./media\photo_309.jpg
-1001866685679,2023-08-25T15:33:32+00:00,አዳዲስ ብራንድ የሆኑ ጫማዎች እኛ ጋር በተመጣጣኝ ዋጋ ያገኛሉ ያሉበት ቦታ እናደርሳለን ለተጨማሪ መረጃ ቴሌግራም ቻናላችንን ይቀላቀሉ,./media\photo_308.jpg
-1001866685679,2023-08-25T15:28:48+00:00,አዳዲስ ብራንድ የሆኑ ጫማዎች እኛ ጋር በተመጣጣኝ ዋጋ ያገኛሉ ያሉበት ቦታ እናደርሳለን ለተጨማሪ መረጃ ቴሌግራም ቻናላችንን ይቀላቀሉ,./media\photo_306.jpg
-1001866685679,2023-08-25T15:28:11+00:00,አዳዲስ ብራንድ የሆኑ ጫማዎች እኛ ጋር በተመጣጣኝ ዋጋ ያገኛሉ ያሉበት ቦታ እናደርሳለን ለተጨማሪ መረጃ ቴሌግራም ቻናላችንን ይቀላቀሉ,./media\photo_304.jpg
-1001866685679,2023-08-16T12:54:50+00:00,አዳዲስ ብራንድ የሆኑ ጫማዎች እኛ ጋር በተመጣጣኝ ዋጋ ያገኛሉ ያሉበት ቦታ እናደርሳለን ለተጨማሪ መረጃ ቴሌግራም ቻናላችንን ይቀላቀሉ,./media\photo_301.jpg
-1001866685679,2023-08-13T07:39:50+00:00,አዳዲስ ብራንድ የሆኑ ጫማዎች እኛ ጋር በተመጣጣኝ ዋጋ ያገኛሉ ያሉበት ቦታ እናደርሳለን ለተጨማሪ መረጃ ቴሌግራም ቻናላችንን ይቀላቀሉ,./media\photo_291.jpg
-1001866685679,2023-08-13T07:31:20+00:00,አዳዲስ ብራንድ የሆኑ ጫማዎች እኛ ጋር በተመጣጣኝ ዋጋ ያገኛሉ ያሉበት ቦታ እናደርሳለን ለተጨማሪ መረጃ ቴሌግራም ቻናላችንን ይቀላቀሉ,./media\photo_287.jpg
-1001866685679,2023-08-13T07:31:19+00:00,አዳዲስ ብራንድ የሆኑ ጫማዎች እኛ ጋር በተመጣጣኝ ዋጋ ያገኛሉ ያሉበት ቦታ እናደርሳለን ለተጨማሪ መረጃ ቴሌግራም ቻናላችንን ይቀላቀሉ,./media\photo_285.jpg
-1001866685679,2023-08-13T07:31:19+00:00,አዳዲስ ብራንድ የሆኑ ጫማዎች እኛ ጋር በተመጣጣኝ ዋጋ ያገኛሉ ያሉበት ቦታ እናደርሳለን ለተጨማሪ መረጃ ቴሌግራም ቻናላችንን ይቀላቀሉ,./media\photo_283.jpg
-1001866685679,2023-08-13T07:31:14+00:00,አዳዲስ ብራንድ የሆኑ ጫማዎች እኛ ጋር በተመጣጣኝ ዋጋ ያገኛሉ ያሉበት ቦታ እናደርሳለን ለተጨማሪ መረጃ ቴሌግራም ቻናላችንን ይቀላቀሉ,./media\photo_281.jpg
-1001866685679,2023-08-13T06:17:27+00:00,አዳዲስ ብራንድ የሆኑ ጫማዎች እኛ ጋር በተመጣጣኝ ዋጋ ያገኛሉ ያሉበት ቦታ እናደርሳለን ለተጨማሪ መረጃ ቴሌግራም ቻናላችንን ይቀላቀሉ,./media\photo_269.jpg
-1001866685679,2023-08-13T06:16:55+00:00,አዳዲስ ብራንድ የሆኑ ጫማዎች እኛ ጋር በተመጣጣኝ ዋጋ ያገኛሉ ያሉበት ቦታ እናደርሳለን ለተጨማሪ መረጃ ቴሌግራም ቻናላችንን ይቀላቀሉ,./media\photo_267.jpg
-1001866685679,2023-08-13T06:14:28+00:00,አዳዲስ ብራንድ የሆኑ ጫማዎች እኛ ጋር በተመጣጣኝ ዋጋ ያገኛሉ ያሉበት ቦታ እናደርሳለን ለተጨማሪ መረጃ ቴሌግራም ቻናላችንን ይቀላቀሉ,./media\photo_265.jpg
-1001866685679,2023-08-13T06:13:44+00:00,አዳዲስ ብራንድ የሆኑ ጫማዎች እኛ ጋር በተመጣጣኝ ዋጋ ያገኛሉ ያሉበት ቦታ እናደርሳለን ለተጨማሪ መረጃ ቴሌግራም ቻናላችንን ይቀላቀሉ,./media\photo_263.jpg
-1001866685679,2023-08-13T05:21:44+00:00,አዳዲስ ብራንድ የሆኑ ጫማዎች እኛ ጋር በተመጣጣኝ ዋጋ ያገኛሉ ያሉበት ቦታ እናደርሳለን ለተጨማሪ መረጃ ቴሌግራም ቻናላችንን ይቀላቀሉ,./media\photo_259.jpg
-1001866685679,2023-08-13T05:20:54+00:00,አዳዲስ ብራንድ የሆኑ ጫማዎች እኛ ጋር በተመጣጣኝ ዋጋ ያገኛሉ ያሉበት ቦታ እናደርሳለን ለተጨማሪ መረጃ ቴሌግራም ቻናላችንን ይቀላቀሉ,./media\photo_257.jpg
-1001866685679,2023-08-13T05:19:32+00:00,አዳዲስ ብራንድ የሆኑ ጫማዎች እኛ ጋር በተመጣጣኝ ዋጋ ያገኛሉ ያሉበት ቦታ እናደርሳለን ለተጨማሪ መረጃ ቴሌግራም ቻናላችንን ይቀላቀሉ,./media\photo_255.jpg
-1001866685679,2023-08-13T05:17:45+00:00,አዳዲስ ብራንድ የሆኑ ጫማዎች እኛ ጋር በተመጣጣኝ ዋጋ ያገኛሉ ያሉበት ቦታ እናደርሳለን ለተጨማሪ መረጃ ቴሌግራም ቻናላችንን ይቀላቀሉ,./media\photo_253.jpg
-1001866685679,2023-06-01T11:51:27+00:00,አዳዲስ ብራንድ የሆኑ ጫማዎች እኛ ጋር በተመጣጣኝ ዋጋ ያገኛሉ ያሉበት ቦታ እናደርሳለን ለተጨማሪ መረጃ ቴሌግራም ቻናላችንን ይቀላቀሉ,Web page URL: https://t.me/chuchushoes
-1001866685679,2023-04-05T17:51:40+00:00,አዳዲስ ብራንድ የሆኑ የሞያሌ እና የድሬ ጫማዎች እኛ ጋር በተመጣጣኝ ዋጋ ያገኛሉ ያሉበት ቦታ እናደርሳለን ለተጨማሪ መረጃ ቴሌግራም ቻናላችንን ይቀላቀሉ,Web page URL: https://t.me/ibmshoes
